[UTC: 28-02-2025 09-50-48] - INFO: Loading font starting at address 0x0050.
[UTC: 28-02-2025 09-50-49] - INFO: Starting CPU on thread 0x00007f8f327fc640.
[UTC: 28-02-2025 09-50-49] - DEBUG: (0x130C) - Jump to 0x030C.
[UTC: 28-02-2025 09-50-49] - DEBUG: (0xA1FF) - Set I to 0x01FF.
[UTC: 28-02-2025 09-50-49] - DEBUG: (0xF065) - Loading registers V0-V0 from memory starting at address I(01FF).
[UTC: 28-02-2025 09-50-49] - DEBUG: (0xF065) - (NOT IMPLEMENTED).

[UTC: 28-02-2025 09-50-49] - DEBUG: (0x4001) - Skip next instruction if (V0(00) != 01)(true).
[UTC: 28-02-2025 09-50-49] - DEBUG: (0x4002) - Skip next instruction if (V0(00) != 02)(true).
[UTC: 28-02-2025 09-50-49] - DEBUG: (0x4003) - Skip next instruction if (V0(00) != 03)(true).
[UTC: 28-02-2025 09-50-49] - DEBUG: (0x4004) - Skip next instruction if (V0(00) != 04)(true).
[UTC: 28-02-2025 09-50-49] - DEBUG: (0x4005) - Skip next instruction if (V0(00) != 05)(true).
[UTC: 28-02-2025 09-50-49] - DEBUG: (0x00FE) - Call machine code routine(NOT IMPLEMENTED).
[UTC: 28-02-2025 09-50-49] - DEBUG: (0x00E0) - Clear screen.
[UTC: 28-02-2025 09-50-49] - DEBUG: (0x6D06) - Set VD to 0x06.
[UTC: 28-02-2025 09-50-49] - DEBUG: (0x6E02) - Set VE to 0x02.
[UTC: 28-02-2025 09-50-49] - DEBUG: (0xA693) - Set I to 0x0693.
[UTC: 28-02-2025 09-50-49] - DEBUG: (0x229C) - Call subroutine at address 029C.
[UTC: 28-02-2025 09-50-49] - DEBUG: (0xFC65) - Loading registers V0-VC from memory starting at address I(0693).
[UTC: 28-02-2025 09-50-49] - DEBUG: (0xFC65) - (NOT IMPLEMENTED).

[UTC: 28-02-2025 09-50-49] - DEBUG: (0x2302) - Call subroutine at address 0302.
[UTC: 28-02-2025 09-50-49] - DEBUG: (0xA5EB) - Set I to 0x05EB.
[UTC: 28-02-2025 09-50-49] - DEBUG: (0xF01E) - Add V0(68) to I.
[UTC: 28-02-2025 09-50-49] - DEBUG: (0xF01E) - (NOT IMPLEMENTED).

[UTC: 28-02-2025 09-50-49] - DEBUG: (0xDDE4) - Draw sprite at (VD(0x06), VE(0x02)). Width: 8 pixels. Height: 4 pixels. VF(0x00).
[UTC: 28-02-2025 09-50-49] - DEBUG: (0x7D04) - Add 0x0D to V4.
[UTC: 28-02-2025 09-50-49] - DEBUG: (0x00EE) - Return.
[UTC: 28-02-2025 09-50-49] - DEBUG: (0x4100) - Skip next instruction if (V1(4C) != 00)(true).
[UTC: 28-02-2025 09-50-49] - DEBUG: (0x8010) - Set V0 to V1(4C).
[UTC: 28-02-2025 09-50-49] - DEBUG: (0x8010) - Skip next instruction if (V0(4C) != V1(4C))(false).
[UTC: 28-02-2025 09-50-49] - DEBUG: (0x2302) - Call subroutine at address 0302.
[UTC: 28-02-2025 09-50-49] - DEBUG: (0xA5EB) - Set I to 0x05EB.
[UTC: 28-02-2025 09-50-49] - DEBUG: (0xF01E) - Add V0(4C) to I.
[UTC: 28-02-2025 09-50-49] - DEBUG: (0xF01E) - (NOT IMPLEMENTED).

[UTC: 28-02-2025 09-50-49] - DEBUG: (0xDDE4) - Draw sprite at (VD(0x0A), VE(0x02)). Width: 8 pixels. Height: 4 pixels. VF(0x00).
[UTC: 28-02-2025 09-50-49] - DEBUG: (0x7D04) - Add 0x0D to V4.
[UTC: 28-02-2025 09-50-49] - DEBUG: (0x00EE) - Return.
[UTC: 28-02-2025 09-50-49] - DEBUG: (0x4200) - Skip next instruction if (V2(34) != 00)(true).
[UTC: 28-02-2025 09-50-49] - DEBUG: (0x8020) - Set V0 to V2(34).
[UTC: 28-02-2025 09-50-49] - DEBUG: (0x8020) - Skip next instruction if (V0(34) != V2(34))(false).
[UTC: 28-02-2025 09-50-49] - DEBUG: (0x2302) - Call subroutine at address 0302.
[UTC: 28-02-2025 09-50-49] - DEBUG: (0xA5EB) - Set I to 0x05EB.
[UTC: 28-02-2025 09-50-49] - DEBUG: (0xF01E) - Add V0(34) to I.
[UTC: 28-02-2025 09-50-49] - DEBUG: (0xF01E) - (NOT IMPLEMENTED).

[UTC: 28-02-2025 09-50-49] - DEBUG: (0xDDE4) - Draw sprite at (VD(0x0E), VE(0x02)). Width: 8 pixels. Height: 4 pixels. VF(0x00).
[UTC: 28-02-2025 09-50-49] - DEBUG: (0x7D04) - Add 0x0D to V4.
[UTC: 28-02-2025 09-50-49] - DEBUG: (0x00EE) - Return.
[UTC: 28-02-2025 09-50-49] - DEBUG: (0x4300) - Skip next instruction if (V3(54) != 00)(true).
[UTC: 28-02-2025 09-50-49] - DEBUG: (0x8030) - Set V0 to V3(54).
[UTC: 28-02-2025 09-50-49] - DEBUG: (0x8030) - Skip next instruction if (V0(54) != V3(54))(false).
[UTC: 28-02-2025 09-50-49] - DEBUG: (0x2302) - Call subroutine at address 0302.
[UTC: 28-02-2025 09-50-49] - DEBUG: (0xA5EB) - Set I to 0x05EB.
[UTC: 28-02-2025 09-50-49] - DEBUG: (0xF01E) - Add V0(54) to I.
[UTC: 28-02-2025 09-50-49] - DEBUG: (0xF01E) - (NOT IMPLEMENTED).

[UTC: 28-02-2025 09-50-49] - DEBUG: (0xDDE4) - Draw sprite at (VD(0x12), VE(0x02)). Width: 8 pixels. Height: 4 pixels. VF(0x00).
[UTC: 28-02-2025 09-50-49] - DEBUG: (0x7D04) - Add 0x0D to V4.
[UTC: 28-02-2025 09-50-49] - DEBUG: (0x00EE) - Return.
[UTC: 28-02-2025 09-50-49] - DEBUG: (0x4400) - Skip next instruction if (V4(94) != 00)(true).
[UTC: 28-02-2025 09-50-49] - DEBUG: (0x8040) - Set V0 to V4(94).
[UTC: 28-02-2025 09-50-49] - DEBUG: (0x8040) - Skip next instruction if (V0(94) != V4(94))(false).
[UTC: 28-02-2025 09-50-49] - DEBUG: (0x2302) - Call subroutine at address 0302.
[UTC: 28-02-2025 09-50-49] - DEBUG: (0xA5EB) - Set I to 0x05EB.
[UTC: 28-02-2025 09-50-49] - DEBUG: (0xF01E) - Add V0(94) to I.
[UTC: 28-02-2025 09-50-49] - DEBUG: (0xF01E) - (NOT IMPLEMENTED).

[UTC: 28-02-2025 09-50-49] - DEBUG: (0xDDE4) - Draw sprite at (VD(0x16), VE(0x02)). Width: 8 pixels. Height: 4 pixels. VF(0x00).
[UTC: 28-02-2025 09-50-49] - DEBUG: (0x7D04) - Add 0x0D to V4.
[UTC: 28-02-2025 09-50-49] - DEBUG: (0x00EE) - Return.
[UTC: 28-02-2025 09-50-49] - DEBUG: (0x4500) - Skip next instruction if (V5(68) != 00)(true).
[UTC: 28-02-2025 09-50-49] - DEBUG: (0x8050) - Set V0 to V5(68).
[UTC: 28-02-2025 09-50-49] - DEBUG: (0x8050) - Skip next instruction if (V0(68) != V5(68))(false).
[UTC: 28-02-2025 09-50-49] - DEBUG: (0x2302) - Call subroutine at address 0302.
[UTC: 28-02-2025 09-50-49] - DEBUG: (0xA5EB) - Set I to 0x05EB.
[UTC: 28-02-2025 09-50-49] - DEBUG: (0xF01E) - Add V0(68) to I.
[UTC: 28-02-2025 09-50-49] - DEBUG: (0xF01E) - (NOT IMPLEMENTED).

[UTC: 28-02-2025 09-50-49] - DEBUG: (0xDDE4) - Draw sprite at (VD(0x1A), VE(0x02)). Width: 8 pixels. Height: 4 pixels. VF(0x00).
[UTC: 28-02-2025 09-50-49] - DEBUG: (0x7D04) - Add 0x0D to V4.
[UTC: 28-02-2025 09-50-49] - DEBUG: (0x00EE) - Return.
[UTC: 28-02-2025 09-50-49] - DEBUG: (0x4600) - Skip next instruction if (V6(58) != 00)(true).
[UTC: 28-02-2025 09-50-49] - DEBUG: (0x8060) - Set V0 to V6(58).
[UTC: 28-02-2025 09-50-49] - DEBUG: (0x8060) - Skip next instruction if (V0(58) != V6(58))(false).
[UTC: 28-02-2025 09-50-49] - DEBUG: (0x2302) - Call subroutine at address 0302.
[UTC: 28-02-2025 09-50-49] - DEBUG: (0xA5EB) - Set I to 0x05EB.
[UTC: 28-02-2025 09-50-49] - DEBUG: (0xF01E) - Add V0(58) to I.
[UTC: 28-02-2025 09-50-49] - DEBUG: (0xF01E) - (NOT IMPLEMENTED).

[UTC: 28-02-2025 09-50-49] - DEBUG: (0xDDE4) - Draw sprite at (VD(0x1E), VE(0x02)). Width: 8 pixels. Height: 4 pixels. VF(0x00).
[UTC: 28-02-2025 09-50-49] - DEBUG: (0x7D04) - Add 0x0D to V4.
[UTC: 28-02-2025 09-50-49] - DEBUG: (0x00EE) - Return.
[UTC: 28-02-2025 09-50-49] - DEBUG: (0x4700) - Skip next instruction if (V7(2C) != 00)(true).
[UTC: 28-02-2025 09-50-49] - DEBUG: (0x8070) - Set V0 to V7(2C).
[UTC: 28-02-2025 09-50-49] - DEBUG: (0x8070) - Skip next instruction if (V0(2C) != V7(2C))(false).
[UTC: 28-02-2025 09-50-49] - DEBUG: (0x2302) - Call subroutine at address 0302.
[UTC: 28-02-2025 09-50-49] - DEBUG: (0xA5EB) - Set I to 0x05EB.
[UTC: 28-02-2025 09-50-49] - DEBUG: (0xF01E) - Add V0(2C) to I.
[UTC: 28-02-2025 09-50-49] - DEBUG: (0xF01E) - (NOT IMPLEMENTED).

[UTC: 28-02-2025 09-50-49] - DEBUG: (0xDDE4) - Draw sprite at (VD(0x22), VE(0x02)). Width: 8 pixels. Height: 4 pixels. VF(0x00).
[UTC: 28-02-2025 09-50-49] - DEBUG: (0x7D04) - Add 0x0D to V4.
[UTC: 28-02-2025 09-50-49] - DEBUG: (0x00EE) - Return.
[UTC: 28-02-2025 09-50-49] - DEBUG: (0x4800) - Skip next instruction if (V8(78) != 00)(true).
[UTC: 28-02-2025 09-50-49] - DEBUG: (0x8080) - Set V0 to V8(78).
[UTC: 28-02-2025 09-50-49] - DEBUG: (0x8080) - Skip next instruction if (V0(78) != V8(78))(false).
[UTC: 28-02-2025 09-50-49] - DEBUG: (0x2302) - Call subroutine at address 0302.
[UTC: 28-02-2025 09-50-49] - DEBUG: (0xA5EB) - Set I to 0x05EB.
[UTC: 28-02-2025 09-50-49] - DEBUG: (0xF01E) - Add V0(78) to I.
[UTC: 28-02-2025 09-50-49] - DEBUG: (0xF01E) - (NOT IMPLEMENTED).

[UTC: 28-02-2025 09-50-49] - DEBUG: (0xDDE4) - Draw sprite at (VD(0x26), VE(0x02)). Width: 8 pixels. Height: 4 pixels. VF(0x00).
[UTC: 28-02-2025 09-50-49] - DEBUG: (0x7D04) - Add 0x0D to V4.
[UTC: 28-02-2025 09-50-49] - DEBUG: (0x00EE) - Return.
[UTC: 28-02-2025 09-50-49] - DEBUG: (0x4900) - Skip next instruction if (V9(40) != 00)(true).
[UTC: 28-02-2025 09-50-49] - DEBUG: (0x8090) - Set V0 to V9(40).
[UTC: 28-02-2025 09-50-49] - DEBUG: (0x8090) - Skip next instruction if (V0(40) != V9(40))(false).
[UTC: 28-02-2025 09-50-49] - DEBUG: (0x2302) - Call subroutine at address 0302.
[UTC: 28-02-2025 09-50-49] - DEBUG: (0xA5EB) - Set I to 0x05EB.
[UTC: 28-02-2025 09-50-49] - DEBUG: (0xF01E) - Add V0(40) to I.
[UTC: 28-02-2025 09-50-49] - DEBUG: (0xF01E) - (NOT IMPLEMENTED).

[UTC: 28-02-2025 09-50-49] - DEBUG: (0xDDE4) - Draw sprite at (VD(0x2A), VE(0x02)). Width: 8 pixels. Height: 4 pixels. VF(0x00).
[UTC: 28-02-2025 09-50-49] - DEBUG: (0x7D04) - Add 0x0D to V4.
[UTC: 28-02-2025 09-50-49] - DEBUG: (0x00EE) - Return.
[UTC: 28-02-2025 09-50-49] - DEBUG: (0x4A00) - Skip next instruction if (VA(64) != 00)(true).
[UTC: 28-02-2025 09-50-49] - DEBUG: (0x80A0) - Set V0 to VA(64).
[UTC: 28-02-2025 09-50-49] - DEBUG: (0x80A0) - Skip next instruction if (V0(64) != VA(64))(false).
[UTC: 28-02-2025 09-50-49] - DEBUG: (0x2302) - Call subroutine at address 0302.
[UTC: 28-02-2025 09-50-49] - DEBUG: (0xA5EB) - Set I to 0x05EB.
[UTC: 28-02-2025 09-50-49] - DEBUG: (0xF01E) - Add V0(64) to I.
[UTC: 28-02-2025 09-50-49] - DEBUG: (0xF01E) - (NOT IMPLEMENTED).

[UTC: 28-02-2025 09-50-49] - DEBUG: (0xDDE4) - Draw sprite at (VD(0x2E), VE(0x02)). Width: 8 pixels. Height: 4 pixels. VF(0x00).
[UTC: 28-02-2025 09-50-49] - DEBUG: (0x7D04) - Add 0x0D to V4.
[UTC: 28-02-2025 09-50-49] - DEBUG: (0x00EE) - Return.
[UTC: 28-02-2025 09-50-49] - DEBUG: (0x4B00) - Skip next instruction if (VB(70) != 00)(true).
[UTC: 28-02-2025 09-50-49] - DEBUG: (0x80B0) - Set V0 to VB(70).
[UTC: 28-02-2025 09-50-49] - DEBUG: (0x80B0) - Skip next instruction if (V0(70) != VB(70))(false).
[UTC: 28-02-2025 09-50-49] - DEBUG: (0x2302) - Call subroutine at address 0302.
[UTC: 28-02-2025 09-50-49] - DEBUG: (0xA5EB) - Set I to 0x05EB.
[UTC: 28-02-2025 09-50-49] - DEBUG: (0xF01E) - Add V0(70) to I.
[UTC: 28-02-2025 09-50-49] - DEBUG: (0xF01E) - (NOT IMPLEMENTED).

[UTC: 28-02-2025 09-50-49] - DEBUG: (0xDDE4) - Draw sprite at (VD(0x32), VE(0x02)). Width: 8 pixels. Height: 4 pixels. VF(0x00).
[UTC: 28-02-2025 09-50-49] - DEBUG: (0x7D04) - Add 0x0D to V4.
[UTC: 28-02-2025 09-50-49] - DEBUG: (0x00EE) - Return.
[UTC: 28-02-2025 09-50-49] - DEBUG: (0x4C00) - Skip next instruction if (VC(5C) != 00)(true).
[UTC: 28-02-2025 09-50-49] - DEBUG: (0x80C0) - Set V0 to VC(5C).
[UTC: 28-02-2025 09-50-49] - DEBUG: (0x80C0) - Skip next instruction if (V0(5C) != VC(5C))(false).
[UTC: 28-02-2025 09-50-49] - DEBUG: (0x2302) - Call subroutine at address 0302.
[UTC: 28-02-2025 09-50-49] - DEBUG: (0xA5EB) - Set I to 0x05EB.
[UTC: 28-02-2025 09-50-49] - DEBUG: (0xF01E) - Add V0(5C) to I.
[UTC: 28-02-2025 09-50-49] - DEBUG: (0xF01E) - (NOT IMPLEMENTED).

[UTC: 28-02-2025 09-50-49] - DEBUG: (0xDDE4) - Draw sprite at (VD(0x36), VE(0x02)). Width: 8 pixels. Height: 4 pixels. VF(0x00).
[UTC: 28-02-2025 09-50-49] - DEBUG: (0x7D04) - Add 0x0D to V4.
[UTC: 28-02-2025 09-50-49] - DEBUG: (0x00EE) - Return.
[UTC: 28-02-2025 09-50-49] - DEBUG: (0x00EE) - Return.
[UTC: 28-02-2025 09-50-49] - DEBUG: (0x6D0C) - Set VD to 0x0C.
[UTC: 28-02-2025 09-50-49] - DEBUG: (0x6E0C) - Set VE to 0x0C.
[UTC: 28-02-2025 09-50-49] - DEBUG: (0xA6A1) - Set I to 0x06A1.
[UTC: 28-02-2025 09-50-49] - DEBUG: (0x229C) - Call subroutine at address 029C.
[UTC: 28-02-2025 09-50-49] - DEBUG: (0xFC65) - Loading registers V0-VC from memory starting at address I(06A1).
[UTC: 28-02-2025 09-50-49] - DEBUG: (0xFC65) - (NOT IMPLEMENTED).

[UTC: 28-02-2025 09-50-49] - DEBUG: (0x2302) - Call subroutine at address 0302.
[UTC: 28-02-2025 09-50-49] - DEBUG: (0xA5EB) - Set I to 0x05EB.
[UTC: 28-02-2025 09-50-49] - DEBUG: (0xF01E) - Add V0(08) to I.
[UTC: 28-02-2025 09-50-49] - DEBUG: (0xF01E) - (NOT IMPLEMENTED).

[UTC: 28-02-2025 09-50-49] - DEBUG: (0xDDE4) - Draw sprite at (VD(0x0C), VE(0x0C)). Width: 8 pixels. Height: 4 pixels. VF(0x00).
[UTC: 28-02-2025 09-50-49] - DEBUG: (0x7D04) - Add 0x0D to V4.
[UTC: 28-02-2025 09-50-49] - DEBUG: (0x00EE) - Return.
[UTC: 28-02-2025 09-50-49] - DEBUG: (0x4100) - Skip next instruction if (V1(94) != 00)(true).
[UTC: 28-02-2025 09-50-49] - DEBUG: (0x8010) - Set V0 to V1(94).
[UTC: 28-02-2025 09-50-49] - DEBUG: (0x8010) - Skip next instruction if (V0(94) != V1(94))(false).
[UTC: 28-02-2025 09-50-49] - DEBUG: (0x2302) - Call subroutine at address 0302.
[UTC: 28-02-2025 09-50-49] - DEBUG: (0xA5EB) - Set I to 0x05EB.
[UTC: 28-02-2025 09-50-49] - DEBUG: (0xF01E) - Add V0(94) to I.
[UTC: 28-02-2025 09-50-49] - DEBUG: (0xF01E) - (NOT IMPLEMENTED).

[UTC: 28-02-2025 09-50-49] - DEBUG: (0xDDE4) - Draw sprite at (VD(0x10), VE(0x0C)). Width: 8 pixels. Height: 4 pixels. VF(0x00).
[UTC: 28-02-2025 09-50-49] - DEBUG: (0x7D04) - Add 0x0D to V4.
[UTC: 28-02-2025 09-50-49] - DEBUG: (0x00EE) - Return.
[UTC: 28-02-2025 09-50-49] - DEBUG: (0x4200) - Skip next instruction if (V2(74) != 00)(true).
[UTC: 28-02-2025 09-50-49] - DEBUG: (0x8020) - Set V0 to V2(74).
[UTC: 28-02-2025 09-50-49] - DEBUG: (0x8020) - Skip next instruction if (V0(74) != V2(74))(false).
[UTC: 28-02-2025 09-50-49] - DEBUG: (0x2302) - Call subroutine at address 0302.
[UTC: 28-02-2025 09-50-49] - DEBUG: (0xA5EB) - Set I to 0x05EB.
[UTC: 28-02-2025 09-50-49] - DEBUG: (0xF01E) - Add V0(74) to I.
[UTC: 28-02-2025 09-50-49] - DEBUG: (0xF01E) - (NOT IMPLEMENTED).

[UTC: 28-02-2025 09-50-49] - DEBUG: (0xDDE4) - Draw sprite at (VD(0x14), VE(0x0C)). Width: 8 pixels. Height: 4 pixels. VF(0x00).
[UTC: 28-02-2025 09-50-49] - DEBUG: (0x7D04) - Add 0x0D to V4.
[UTC: 28-02-2025 09-50-49] - DEBUG: (0x00EE) - Return.
[UTC: 28-02-2025 09-50-49] - DEBUG: (0x4300) - Skip next instruction if (V3(7C) != 00)(true).
[UTC: 28-02-2025 09-50-49] - DEBUG: (0x8030) - Set V0 to V3(7C).
[UTC: 28-02-2025 09-50-49] - DEBUG: (0x8030) - Skip next instruction if (V0(7C) != V3(7C))(false).
[UTC: 28-02-2025 09-50-49] - DEBUG: (0x2302) - Call subroutine at address 0302.
[UTC: 28-02-2025 09-50-49] - DEBUG: (0xA5EB) - Set I to 0x05EB.
[UTC: 28-02-2025 09-50-49] - DEBUG: (0xF01E) - Add V0(7C) to I.
[UTC: 28-02-2025 09-50-49] - DEBUG: (0xF01E) - (NOT IMPLEMENTED).

[UTC: 28-02-2025 09-50-49] - DEBUG: (0xDDE4) - Draw sprite at (VD(0x18), VE(0x0C)). Width: 8 pixels. Height: 4 pixels. VF(0x00).
[UTC: 28-02-2025 09-50-49] - DEBUG: (0x7D04) - Add 0x0D to V4.
[UTC: 28-02-2025 09-50-49] - DEBUG: (0x00EE) - Return.
[UTC: 28-02-2025 09-50-49] - DEBUG: (0x4400) - Skip next instruction if (V4(68) != 00)(true).
[UTC: 28-02-2025 09-50-49] - DEBUG: (0x8040) - Set V0 to V4(68).
[UTC: 28-02-2025 09-50-49] - DEBUG: (0x8040) - Skip next instruction if (V0(68) != V4(68))(false).
[UTC: 28-02-2025 09-50-49] - DEBUG: (0x2302) - Call subroutine at address 0302.
[UTC: 28-02-2025 09-50-49] - DEBUG: (0xA5EB) - Set I to 0x05EB.
[UTC: 28-02-2025 09-50-49] - DEBUG: (0xF01E) - Add V0(68) to I.
[UTC: 28-02-2025 09-50-49] - DEBUG: (0xF01E) - (NOT IMPLEMENTED).

[UTC: 28-02-2025 09-50-49] - DEBUG: (0xDDE4) - Draw sprite at (VD(0x1C), VE(0x0C)). Width: 8 pixels. Height: 4 pixels. VF(0x00).
[UTC: 28-02-2025 09-50-49] - DEBUG: (0x7D04) - Add 0x0D to V4.
[UTC: 28-02-2025 09-50-49] - DEBUG: (0x00EE) - Return.
[UTC: 28-02-2025 09-50-49] - DEBUG: (0x4500) - Skip next instruction if (V5(3C) != 00)(true).
[UTC: 28-02-2025 09-50-49] - DEBUG: (0x8050) - Set V0 to V5(3C).
[UTC: 28-02-2025 09-50-49] - DEBUG: (0x8050) - Skip next instruction if (V0(3C) != V5(3C))(false).
[UTC: 28-02-2025 09-50-49] - DEBUG: (0x2302) - Call subroutine at address 0302.
[UTC: 28-02-2025 09-50-49] - DEBUG: (0xA5EB) - Set I to 0x05EB.
[UTC: 28-02-2025 09-50-49] - DEBUG: (0xF01E) - Add V0(3C) to I.
[UTC: 28-02-2025 09-50-49] - DEBUG: (0xF01E) - (NOT IMPLEMENTED).

[UTC: 28-02-2025 09-50-50] - DEBUG: (0xDDE4) - Draw sprite at (VD(0x20), VE(0x0C)). Width: 8 pixels. Height: 4 pixels. VF(0x00).
[UTC: 28-02-2025 09-50-50] - DEBUG: (0x7D04) - Add 0x0D to V4.
[UTC: 28-02-2025 09-50-50] - DEBUG: (0x00EE) - Return.
[UTC: 28-02-2025 09-50-50] - DEBUG: (0x4600) - Skip next instruction if (V6(70) != 00)(true).
[UTC: 28-02-2025 09-50-50] - DEBUG: (0x8060) - Set V0 to V6(70).
[UTC: 28-02-2025 09-50-50] - DEBUG: (0x8060) - Skip next instruction if (V0(70) != V6(70))(false).
[UTC: 28-02-2025 09-50-50] - DEBUG: (0x2302) - Call subroutine at address 0302.
[UTC: 28-02-2025 09-50-50] - DEBUG: (0xA5EB) - Set I to 0x05EB.
[UTC: 28-02-2025 09-50-50] - DEBUG: (0xF01E) - Add V0(70) to I.
[UTC: 28-02-2025 09-50-50] - DEBUG: (0xF01E) - (NOT IMPLEMENTED).

[UTC: 28-02-2025 09-50-50] - DEBUG: (0xDDE4) - Draw sprite at (VD(0x24), VE(0x0C)). Width: 8 pixels. Height: 4 pixels. VF(0x00).
[UTC: 28-02-2025 09-50-50] - DEBUG: (0x7D04) - Add 0x0D to V4.
[UTC: 28-02-2025 09-50-50] - DEBUG: (0x00EE) - Return.
[UTC: 28-02-2025 09-50-50] - DEBUG: (0x4700) - Skip next instruction if (V7(34) != 00)(true).
[UTC: 28-02-2025 09-50-50] - DEBUG: (0x8070) - Set V0 to V7(34).
[UTC: 28-02-2025 09-50-50] - DEBUG: (0x8070) - Skip next instruction if (V0(34) != V7(34))(false).
[UTC: 28-02-2025 09-50-50] - DEBUG: (0x2302) - Call subroutine at address 0302.
[UTC: 28-02-2025 09-50-50] - DEBUG: (0xA5EB) - Set I to 0x05EB.
[UTC: 28-02-2025 09-50-50] - DEBUG: (0xF01E) - Add V0(34) to I.
[UTC: 28-02-2025 09-50-50] - DEBUG: (0xF01E) - (NOT IMPLEMENTED).

[UTC: 28-02-2025 09-50-50] - DEBUG: (0xDDE4) - Draw sprite at (VD(0x28), VE(0x0C)). Width: 8 pixels. Height: 4 pixels. VF(0x00).
[UTC: 28-02-2025 09-50-50] - DEBUG: (0x7D04) - Add 0x0D to V4.
[UTC: 28-02-2025 09-50-50] - DEBUG: (0x00EE) - Return.
[UTC: 28-02-2025 09-50-50] - DEBUG: (0x4800) - Skip next instruction if (V8(48) != 00)(true).
[UTC: 28-02-2025 09-50-50] - DEBUG: (0x8080) - Set V0 to V8(48).
[UTC: 28-02-2025 09-50-50] - DEBUG: (0x8080) - Skip next instruction if (V0(48) != V8(48))(false).
[UTC: 28-02-2025 09-50-50] - DEBUG: (0x2302) - Call subroutine at address 0302.
[UTC: 28-02-2025 09-50-50] - DEBUG: (0xA5EB) - Set I to 0x05EB.
[UTC: 28-02-2025 09-50-50] - DEBUG: (0xF01E) - Add V0(48) to I.
[UTC: 28-02-2025 09-50-50] - DEBUG: (0xF01E) - (NOT IMPLEMENTED).

[UTC: 28-02-2025 09-50-50] - DEBUG: (0xDDE4) - Draw sprite at (VD(0x2C), VE(0x0C)). Width: 8 pixels. Height: 4 pixels. VF(0x00).
[UTC: 28-02-2025 09-50-50] - DEBUG: (0x7D04) - Add 0x0D to V4.
[UTC: 28-02-2025 09-50-50] - DEBUG: (0x00EE) - Return.
[UTC: 28-02-2025 09-50-50] - DEBUG: (0x4900) - Skip next instruction if (V9(4C) != 00)(true).
[UTC: 28-02-2025 09-50-50] - DEBUG: (0x8090) - Set V0 to V9(4C).
[UTC: 28-02-2025 09-50-50] - DEBUG: (0x8090) - Skip next instruction if (V0(4C) != V9(4C))(false).
[UTC: 28-02-2025 09-50-50] - DEBUG: (0x2302) - Call subroutine at address 0302.
[UTC: 28-02-2025 09-50-50] - DEBUG: (0xA5EB) - Set I to 0x05EB.
[UTC: 28-02-2025 09-50-50] - DEBUG: (0xF01E) - Add V0(4C) to I.
[UTC: 28-02-2025 09-50-50] - DEBUG: (0xF01E) - (NOT IMPLEMENTED).

[UTC: 28-02-2025 09-50-50] - DEBUG: (0xDDE4) - Draw sprite at (VD(0x30), VE(0x0C)). Width: 8 pixels. Height: 4 pixels. VF(0x00).
[UTC: 28-02-2025 09-50-50] - DEBUG: (0x7D04) - Add 0x0D to V4.
[UTC: 28-02-2025 09-50-50] - DEBUG: (0x00EE) - Return.
[UTC: 28-02-2025 09-50-50] - DEBUG: (0x4A00) - Skip next instruction if (VA(68) != 00)(true).
[UTC: 28-02-2025 09-50-50] - DEBUG: (0x80A0) - Set V0 to VA(68).
[UTC: 28-02-2025 09-50-50] - DEBUG: (0x80A0) - Skip next instruction if (V0(68) != VA(68))(false).
[UTC: 28-02-2025 09-50-50] - DEBUG: (0x2302) - Call subroutine at address 0302.
[UTC: 28-02-2025 09-50-50] - DEBUG: (0xA5EB) - Set I to 0x05EB.
[UTC: 28-02-2025 09-50-50] - DEBUG: (0xF01E) - Add V0(68) to I.
[UTC: 28-02-2025 09-50-50] - DEBUG: (0xF01E) - (NOT IMPLEMENTED).

[UTC: 28-02-2025 09-50-50] - DEBUG: (0xDDE4) - Draw sprite at (VD(0x34), VE(0x0C)). Width: 8 pixels. Height: 4 pixels. VF(0x00).
[UTC: 28-02-2025 09-50-50] - DEBUG: (0x7D04) - Add 0x0D to V4.
[UTC: 28-02-2025 09-50-50] - DEBUG: (0x00EE) - Return.
[UTC: 28-02-2025 09-50-50] - DEBUG: (0x4B00) - Skip next instruction if (VB(00) != 00)(false).
[UTC: 28-02-2025 09-50-50] - DEBUG: (0x00EE) - Return.
[UTC: 28-02-2025 09-50-50] - DEBUG: (0x6D0C) - Set VD to 0x0C.
[UTC: 28-02-2025 09-50-50] - DEBUG: (0x6E11) - Set VE to 0x11.
[UTC: 28-02-2025 09-50-50] - DEBUG: (0xA6AD) - Set I to 0x06AD.
[UTC: 28-02-2025 09-50-50] - DEBUG: (0x229C) - Call subroutine at address 029C.
[UTC: 28-02-2025 09-50-50] - DEBUG: (0xFC65) - Loading registers V0-VC from memory starting at address I(06AD).
[UTC: 28-02-2025 09-50-50] - DEBUG: (0xFC65) - (NOT IMPLEMENTED).

[UTC: 28-02-2025 09-50-50] - DEBUG: (0x2302) - Call subroutine at address 0302.
[UTC: 28-02-2025 09-50-50] - DEBUG: (0xA5EB) - Set I to 0x05EB.
[UTC: 28-02-2025 09-50-50] - DEBUG: (0xF01E) - Add V0(0C) to I.
[UTC: 28-02-2025 09-50-50] - DEBUG: (0xF01E) - (NOT IMPLEMENTED).

[UTC: 28-02-2025 09-50-50] - DEBUG: (0xDDE4) - Draw sprite at (VD(0x0C), VE(0x11)). Width: 8 pixels. Height: 4 pixels. VF(0x00).
[UTC: 28-02-2025 09-50-50] - DEBUG: (0x7D04) - Add 0x0D to V4.
[UTC: 28-02-2025 09-50-50] - DEBUG: (0x00EE) - Return.
[UTC: 28-02-2025 09-50-50] - DEBUG: (0x4100) - Skip next instruction if (V1(94) != 00)(true).
[UTC: 28-02-2025 09-50-50] - DEBUG: (0x8010) - Set V0 to V1(94).
[UTC: 28-02-2025 09-50-50] - DEBUG: (0x8010) - Skip next instruction if (V0(94) != V1(94))(false).
[UTC: 28-02-2025 09-50-50] - DEBUG: (0x2302) - Call subroutine at address 0302.
[UTC: 28-02-2025 09-50-50] - DEBUG: (0xA5EB) - Set I to 0x05EB.
[UTC: 28-02-2025 09-50-50] - DEBUG: (0xF01E) - Add V0(94) to I.
[UTC: 28-02-2025 09-50-50] - DEBUG: (0xF01E) - (NOT IMPLEMENTED).

[UTC: 28-02-2025 09-50-50] - DEBUG: (0xDDE4) - Draw sprite at (VD(0x10), VE(0x11)). Width: 8 pixels. Height: 4 pixels. VF(0x00).
[UTC: 28-02-2025 09-50-50] - DEBUG: (0x7D04) - Add 0x0D to V4.
[UTC: 28-02-2025 09-50-50] - DEBUG: (0x00EE) - Return.
[UTC: 28-02-2025 09-50-50] - DEBUG: (0x4200) - Skip next instruction if (V2(88) != 00)(true).
[UTC: 28-02-2025 09-50-50] - DEBUG: (0x8020) - Set V0 to V2(88).
[UTC: 28-02-2025 09-50-50] - DEBUG: (0x8020) - Skip next instruction if (V0(88) != V2(88))(false).
[UTC: 28-02-2025 09-50-50] - DEBUG: (0x2302) - Call subroutine at address 0302.
[UTC: 28-02-2025 09-50-50] - DEBUG: (0xA5EB) - Set I to 0x05EB.
[UTC: 28-02-2025 09-50-50] - DEBUG: (0xF01E) - Add V0(88) to I.
[UTC: 28-02-2025 09-50-50] - DEBUG: (0xF01E) - (NOT IMPLEMENTED).

[UTC: 28-02-2025 09-50-50] - DEBUG: (0xDDE4) - Draw sprite at (VD(0x14), VE(0x11)). Width: 8 pixels. Height: 4 pixels. VF(0x00).
[UTC: 28-02-2025 09-50-50] - DEBUG: (0x7D04) - Add 0x0D to V4.
[UTC: 28-02-2025 09-50-50] - DEBUG: (0x00EE) - Return.
[UTC: 28-02-2025 09-50-50] - DEBUG: (0x4300) - Skip next instruction if (V3(64) != 00)(true).
[UTC: 28-02-2025 09-50-50] - DEBUG: (0x8030) - Set V0 to V3(64).
[UTC: 28-02-2025 09-50-50] - DEBUG: (0x8030) - Skip next instruction if (V0(64) != V3(64))(false).
[UTC: 28-02-2025 09-50-50] - DEBUG: (0x2302) - Call subroutine at address 0302.
[UTC: 28-02-2025 09-50-50] - DEBUG: (0xA5EB) - Set I to 0x05EB.
[UTC: 28-02-2025 09-50-50] - DEBUG: (0xF01E) - Add V0(64) to I.
[UTC: 28-02-2025 09-50-50] - DEBUG: (0xF01E) - (NOT IMPLEMENTED).

[UTC: 28-02-2025 09-50-50] - DEBUG: (0xDDE4) - Draw sprite at (VD(0x18), VE(0x11)). Width: 8 pixels. Height: 4 pixels. VF(0x00).
[UTC: 28-02-2025 09-50-50] - DEBUG: (0x7D04) - Add 0x0D to V4.
[UTC: 28-02-2025 09-50-50] - DEBUG: (0x00EE) - Return.
[UTC: 28-02-2025 09-50-50] - DEBUG: (0x4400) - Skip next instruction if (V4(98) != 00)(true).
[UTC: 28-02-2025 09-50-50] - DEBUG: (0x8040) - Set V0 to V4(98).
[UTC: 28-02-2025 09-50-50] - DEBUG: (0x8040) - Skip next instruction if (V0(98) != V4(98))(false).
[UTC: 28-02-2025 09-50-50] - DEBUG: (0x2302) - Call subroutine at address 0302.
[UTC: 28-02-2025 09-50-50] - DEBUG: (0xA5EB) - Set I to 0x05EB.
[UTC: 28-02-2025 09-50-50] - DEBUG: (0xF01E) - Add V0(98) to I.
[UTC: 28-02-2025 09-50-50] - DEBUG: (0xF01E) - (NOT IMPLEMENTED).

[UTC: 28-02-2025 09-50-50] - DEBUG: (0xDDE4) - Draw sprite at (VD(0x1C), VE(0x11)). Width: 8 pixels. Height: 4 pixels. VF(0x00).
[UTC: 28-02-2025 09-50-50] - DEBUG: (0x7D04) - Add 0x0D to V4.
[UTC: 28-02-2025 09-50-50] - DEBUG: (0x00EE) - Return.
[UTC: 28-02-2025 09-50-50] - DEBUG: (0x4500) - Skip next instruction if (V5(34) != 00)(true).
[UTC: 28-02-2025 09-50-50] - DEBUG: (0x8050) - Set V0 to V5(34).
[UTC: 28-02-2025 09-50-50] - DEBUG: (0x8050) - Skip next instruction if (V0(34) != V5(34))(false).
[UTC: 28-02-2025 09-50-50] - DEBUG: (0x2302) - Call subroutine at address 0302.
[UTC: 28-02-2025 09-50-50] - DEBUG: (0xA5EB) - Set I to 0x05EB.
[UTC: 28-02-2025 09-50-50] - DEBUG: (0xF01E) - Add V0(34) to I.
[UTC: 28-02-2025 09-50-50] - DEBUG: (0xF01E) - (NOT IMPLEMENTED).

[UTC: 28-02-2025 09-50-50] - DEBUG: (0xDDE4) - Draw sprite at (VD(0x20), VE(0x11)). Width: 8 pixels. Height: 4 pixels. VF(0x00).
[UTC: 28-02-2025 09-50-50] - DEBUG: (0x7D04) - Add 0x0D to V4.
[UTC: 28-02-2025 09-50-50] - DEBUG: (0x00EE) - Return.
[UTC: 28-02-2025 09-50-50] - DEBUG: (0x4600) - Skip next instruction if (V6(48) != 00)(true).
[UTC: 28-02-2025 09-50-50] - DEBUG: (0x8060) - Set V0 to V6(48).
[UTC: 28-02-2025 09-50-50] - DEBUG: (0x8060) - Skip next instruction if (V0(48) != V6(48))(false).
[UTC: 28-02-2025 09-50-50] - DEBUG: (0x2302) - Call subroutine at address 0302.
[UTC: 28-02-2025 09-50-50] - DEBUG: (0xA5EB) - Set I to 0x05EB.
[UTC: 28-02-2025 09-50-50] - DEBUG: (0xF01E) - Add V0(48) to I.
[UTC: 28-02-2025 09-50-50] - DEBUG: (0xF01E) - (NOT IMPLEMENTED).

[UTC: 28-02-2025 09-50-50] - DEBUG: (0xDDE4) - Draw sprite at (VD(0x24), VE(0x11)). Width: 8 pixels. Height: 4 pixels. VF(0x00).
[UTC: 28-02-2025 09-50-50] - DEBUG: (0x7D04) - Add 0x0D to V4.
[UTC: 28-02-2025 09-50-50] - DEBUG: (0x00EE) - Return.
[UTC: 28-02-2025 09-50-50] - DEBUG: (0x4700) - Skip next instruction if (V7(4C) != 00)(true).
[UTC: 28-02-2025 09-50-50] - DEBUG: (0x8070) - Set V0 to V7(4C).
[UTC: 28-02-2025 09-50-50] - DEBUG: (0x8070) - Skip next instruction if (V0(4C) != V7(4C))(false).
[UTC: 28-02-2025 09-50-50] - DEBUG: (0x2302) - Call subroutine at address 0302.
[UTC: 28-02-2025 09-50-50] - DEBUG: (0xA5EB) - Set I to 0x05EB.
[UTC: 28-02-2025 09-50-50] - DEBUG: (0xF01E) - Add V0(4C) to I.
[UTC: 28-02-2025 09-50-50] - DEBUG: (0xF01E) - (NOT IMPLEMENTED).

[UTC: 28-02-2025 09-50-50] - DEBUG: (0xDDE4) - Draw sprite at (VD(0x28), VE(0x11)). Width: 8 pixels. Height: 4 pixels. VF(0x00).
[UTC: 28-02-2025 09-50-50] - DEBUG: (0x7D04) - Add 0x0D to V4.
[UTC: 28-02-2025 09-50-50] - DEBUG: (0x00EE) - Return.
[UTC: 28-02-2025 09-50-50] - DEBUG: (0x4800) - Skip next instruction if (V8(68) != 00)(true).
[UTC: 28-02-2025 09-50-50] - DEBUG: (0x8080) - Set V0 to V8(68).
[UTC: 28-02-2025 09-50-50] - DEBUG: (0x8080) - Skip next instruction if (V0(68) != V8(68))(false).
[UTC: 28-02-2025 09-50-50] - DEBUG: (0x2302) - Call subroutine at address 0302.
[UTC: 28-02-2025 09-50-50] - DEBUG: (0xA5EB) - Set I to 0x05EB.
[UTC: 28-02-2025 09-50-50] - DEBUG: (0xF01E) - Add V0(68) to I.
[UTC: 28-02-2025 09-50-50] - DEBUG: (0xF01E) - (NOT IMPLEMENTED).

[UTC: 28-02-2025 09-50-50] - DEBUG: (0xDDE4) - Draw sprite at (VD(0x2C), VE(0x11)). Width: 8 pixels. Height: 4 pixels. VF(0x00).
[UTC: 28-02-2025 09-50-50] - DEBUG: (0x7D04) - Add 0x0D to V4.
[UTC: 28-02-2025 09-50-50] - DEBUG: (0x00EE) - Return.
[UTC: 28-02-2025 09-50-50] - DEBUG: (0x4900) - Skip next instruction if (V9(00) != 00)(false).
[UTC: 28-02-2025 09-50-50] - DEBUG: (0x00EE) - Return.
[UTC: 28-02-2025 09-50-50] - DEBUG: (0x2396) - Call subroutine at address 0396.
[UTC: 28-02-2025 09-50-50] - DEBUG: (0x6A32) - Set VA to 0x32.
[UTC: 28-02-2025 09-50-50] - DEBUG: (0x6B1B) - Set VB to 0x1B.
[UTC: 28-02-2025 09-50-50] - DEBUG: (0xA72A) - Set I to 0x072A.
[UTC: 28-02-2025 09-50-50] - DEBUG: (0xDAB4) - Draw sprite at (VA(0x32), VB(0x1B)). Width: 8 pixels. Height: 4 pixels. VF(0x00).
[UTC: 28-02-2025 09-50-50] - DEBUG: (0x6A3A) - Set VA to 0x3A.
[UTC: 28-02-2025 09-50-50] - DEBUG: (0xA72E) - Set I to 0x072E.
[UTC: 28-02-2025 09-50-50] - DEBUG: (0xDAB4) - Draw sprite at (VA(0x3A), VB(0x1B)). Width: 8 pixels. Height: 4 pixels. VF(0x00).
[UTC: 28-02-2025 09-50-50] - DEBUG: (0x00EE) - Return.
[UTC: 28-02-2025 09-50-50] - DEBUG: (0x60A6) - Set V0 to 0xA6.
[UTC: 28-02-2025 09-50-50] - DEBUG: (0x618B) - Set V1 to 0x8B.
[UTC: 28-02-2025 09-50-50] - DEBUG: (0x6201) - Set V2 to 0x01.
[UTC: 28-02-2025 09-50-50] - DEBUG: (0x1210) - Jump to 0x0210.
[UTC: 28-02-2025 09-50-50] - DEBUG: (0x6500) - Set V5 to 0x00.
[UTC: 28-02-2025 09-50-50] - DEBUG: (0xA222) - Set I to 0x0222.
[UTC: 28-02-2025 09-50-50] - DEBUG: (0xF155) - Storing registers V0-V1 in memory starting at address I(0222).
[UTC: 28-02-2025 09-50-50] - DEBUG: (0xF155) - (NOT IMPLEMENTED).

[UTC: 28-02-2025 09-50-50] - DEBUG: (0xA282) - Set I to 0x0282.
[UTC: 28-02-2025 09-50-50] - DEBUG: (0xF155) - Storing registers V0-V1 in memory starting at address I(0282).
[UTC: 28-02-2025 09-50-50] - DEBUG: (0xF155) - (NOT IMPLEMENTED).

[UTC: 28-02-2025 09-50-50] - DEBUG: (0x1222) - Jump to 0x0222.
[UTC: 28-02-2025 09-50-50] - DEBUG: (0xA68B) - Set I to 0x068B.
[UTC: 28-02-2025 09-50-50] - DEBUG: (0xF51E) - Add V5(00) to I.
[UTC: 28-02-2025 09-50-50] - DEBUG: (0xF51E) - (NOT IMPLEMENTED).

[UTC: 28-02-2025 09-50-50] - DEBUG: (0xF51E) - Add V5(00) to I.
[UTC: 28-02-2025 09-50-50] - DEBUG: (0xF51E) - (NOT IMPLEMENTED).

[UTC: 28-02-2025 09-50-50] - DEBUG: (0xF51E) - Add V5(00) to I.
[UTC: 28-02-2025 09-50-50] - DEBUG: (0xF51E) - (NOT IMPLEMENTED).

[UTC: 28-02-2025 09-50-50] - DEBUG: (0xF51E) - Add V5(00) to I.
[UTC: 28-02-2025 09-50-50] - DEBUG: (0xF51E) - (NOT IMPLEMENTED).

[UTC: 28-02-2025 09-50-50] - DEBUG: (0xF165) - Loading registers V0-V1 from memory starting at address I(068B).
[UTC: 28-02-2025 09-50-50] - DEBUG: (0xF165) - (NOT IMPLEMENTED).

[UTC: 28-02-2025 09-50-50] - DEBUG: (0x6300) - Set V3 to 0x00.
[UTC: 28-02-2025 09-50-50] - DEBUG: (0xF315) - Set delay timer to V3(00).
[UTC: 28-02-2025 09-50-50] - DEBUG: (0xF315) - (NOT IMPLEMENTED).

[UTC: 28-02-2025 09-50-50] - DEBUG: (0xF407) - Set V4 to delay timer(00).
[UTC: 28-02-2025 09-50-50] - DEBUG: (0xF407) - (NOT IMPLEMENTED).

[UTC: 28-02-2025 09-50-50] - DEBUG: (0x3400) - Skip next instruction if (V4(00) == 00)(true).
[UTC: 28-02-2025 09-50-50] - DEBUG: (0xA5E7) - Set I to 0x05E7.
[UTC: 28-02-2025 09-50-50] - DEBUG: (0xD012) - Draw sprite at (V0(0x08), V1(0x0D)). Width: 8 pixels. Height: 2 pixels. VF(0x00).
[UTC: 28-02-2025 09-50-50] - DEBUG: (0x640A) - Set V4 to 0x0A.
[UTC: 28-02-2025 09-50-50] - DEBUG: (0xF415) - Set delay timer to V4(0A).
[UTC: 28-02-2025 09-50-50] - DEBUG: (0xF415) - (NOT IMPLEMENTED).

[UTC: 28-02-2025 09-50-50] - DEBUG: (0x6401) - Set V4 to 0x01.
[UTC: 28-02-2025 09-50-50] - DEBUG: (0x8343) - Set V3 to V3(01) ^ V4(01).
[UTC: 28-02-2025 09-50-50] - DEBUG: (0x8343) - Skip next instruction if (V3(01) != V4(01))(false).
[UTC: 28-02-2025 09-50-50] - DEBUG: (0x640E) - Set V4 to 0x0E.
[UTC: 28-02-2025 09-50-50] - DEBUG: (0xE49E) - Skip next instruction if key V4(0E) is pressed.
[UTC: 28-02-2025 09-50-50] - DEBUG: (0xE49E) - (NOT IMPLEMENTED).

[UTC: 28-02-2025 09-50-50] - DEBUG: (0xE49E) - (NOT IMPLEMENTED).

[UTC: 28-02-2025 09-50-50] - DEBUG: (0x1252) - Jump to 0x0252.
[UTC: 28-02-2025 09-50-50] - DEBUG: (0x640F) - Set V4 to 0x0F.
[UTC: 28-02-2025 09-50-50] - DEBUG: (0xE49E) - Skip next instruction if key V4(0F) is pressed.
[UTC: 28-02-2025 09-50-50] - DEBUG: (0xE49E) - (NOT IMPLEMENTED).

[UTC: 28-02-2025 09-50-50] - DEBUG: (0xE49E) - (NOT IMPLEMENTED).

[UTC: 28-02-2025 09-50-50] - DEBUG: (0x1260) - Jump to 0x0260.
[UTC: 28-02-2025 09-50-50] - DEBUG: (0x8650) - Set V6 to V5(00).
[UTC: 28-02-2025 09-50-50] - DEBUG: (0x8650) - Skip next instruction if (V6(00) != V5(00))(false).
[UTC: 28-02-2025 09-50-50] - DEBUG: (0x640A) - Set V4 to 0x0A.
[UTC: 28-02-2025 09-50-50] - DEBUG: (0xE4A1) - Skip next instruction if key V4(0A) is not pressed.
[UTC: 28-02-2025 09-50-50] - DEBUG: (0xE4A1) - (NOT IMPLEMENTED).

[UTC: 28-02-2025 09-50-50] - DEBUG: (0xE4A1) - (NOT IMPLEMENTED).

[UTC: 28-02-2025 09-50-50] - DEBUG: (0x6400) - Set V4 to 0x00.
[UTC: 28-02-2025 09-50-50] - DEBUG: (0x7201) - Add 0x02 to V1.
[UTC: 28-02-2025 09-50-50] - DEBUG: (0x7401) - Add 0x04 to V1.
[UTC: 28-02-2025 09-50-50] - DEBUG: (0xE49E) - Skip next instruction if key V4(01) is pressed.
[UTC: 28-02-2025 09-50-50] - DEBUG: (0xE49E) - (NOT IMPLEMENTED).

[UTC: 28-02-2025 09-50-50] - DEBUG: (0xE49E) - (NOT IMPLEMENTED).

[UTC: 28-02-2025 09-50-50] - DEBUG: (0x1278) - Jump to 0x0278.
[UTC: 28-02-2025 09-50-50] - DEBUG: (0x5420) - Skip next instruction if (V4(01) == V2(02))(false).
[UTC: 28-02-2025 09-50-50] - DEBUG: (0x126C) - Jump to 0x026C.
[UTC: 28-02-2025 09-50-50] - DEBUG: (0x7401) - Add 0x04 to V1.
[UTC: 28-02-2025 09-50-50] - DEBUG: (0xE49E) - Skip next instruction if key V4(02) is pressed.
[UTC: 28-02-2025 09-50-50] - DEBUG: (0xE49E) - (NOT IMPLEMENTED).

[UTC: 28-02-2025 09-50-50] - DEBUG: (0xE49E) - (NOT IMPLEMENTED).

[UTC: 28-02-2025 09-50-51] - DEBUG: (0x1278) - Jump to 0x0278.
[UTC: 28-02-2025 09-50-51] - DEBUG: (0x5420) - Skip next instruction if (V4(02) == V2(02))(true).
[UTC: 28-02-2025 09-50-51] - DEBUG: (0x72FF) - Add 0x02 to VFF.
[UTC: 28-02-2025 09-50-51] - DEBUG: (0x1232) - Jump to 0x0232.
[UTC: 28-02-2025 09-50-51] - DEBUG: (0xF407) - Set V4 to delay timer(02).
[UTC: 28-02-2025 09-50-51] - DEBUG: (0xF407) - (NOT IMPLEMENTED).

[UTC: 28-02-2025 09-50-51] - DEBUG: (0x3400) - Skip next instruction if (V4(02) == 00)(false).
[UTC: 28-02-2025 09-50-51] - DEBUG: (0x1244) - Jump to 0x0244.
[UTC: 28-02-2025 09-50-51] - DEBUG: (0x640E) - Set V4 to 0x0E.
[UTC: 28-02-2025 09-50-51] - DEBUG: (0xE49E) - Skip next instruction if key V4(0E) is pressed.
[UTC: 28-02-2025 09-50-51] - DEBUG: (0xE49E) - (NOT IMPLEMENTED).

[UTC: 28-02-2025 09-50-51] - DEBUG: (0xE49E) - (NOT IMPLEMENTED).

[UTC: 28-02-2025 09-50-51] - DEBUG: (0x1252) - Jump to 0x0252.
[UTC: 28-02-2025 09-50-51] - DEBUG: (0x640F) - Set V4 to 0x0F.
[UTC: 28-02-2025 09-50-51] - DEBUG: (0xE49E) - Skip next instruction if key V4(0F) is pressed.
[UTC: 28-02-2025 09-50-51] - DEBUG: (0xE49E) - (NOT IMPLEMENTED).

[UTC: 28-02-2025 09-50-51] - DEBUG: (0xE49E) - (NOT IMPLEMENTED).

[UTC: 28-02-2025 09-50-51] - DEBUG: (0x1260) - Jump to 0x0260.
[UTC: 28-02-2025 09-50-51] - DEBUG: (0x8650) - Set V6 to V5(00).
[UTC: 28-02-2025 09-50-51] - DEBUG: (0x8650) - Skip next instruction if (V6(00) != V5(00))(false).
[UTC: 28-02-2025 09-50-51] - DEBUG: (0x640A) - Set V4 to 0x0A.
[UTC: 28-02-2025 09-50-51] - DEBUG: (0xE4A1) - Skip next instruction if key V4(0A) is not pressed.
[UTC: 28-02-2025 09-50-51] - DEBUG: (0xE4A1) - (NOT IMPLEMENTED).

[UTC: 28-02-2025 09-50-51] - DEBUG: (0xE4A1) - (NOT IMPLEMENTED).

[UTC: 28-02-2025 09-50-51] - DEBUG: (0x6400) - Set V4 to 0x00.
[UTC: 28-02-2025 09-50-51] - DEBUG: (0x7201) - Add 0x02 to V1.
[UTC: 28-02-2025 09-50-51] - DEBUG: (0x7401) - Add 0x04 to V1.
[UTC: 28-02-2025 09-50-51] - DEBUG: (0xE49E) - Skip next instruction if key V4(01) is pressed.
[UTC: 28-02-2025 09-50-51] - DEBUG: (0xE49E) - (NOT IMPLEMENTED).

[UTC: 28-02-2025 09-50-51] - DEBUG: (0xE49E) - (NOT IMPLEMENTED).

[UTC: 28-02-2025 09-50-51] - DEBUG: (0x1278) - Jump to 0x0278.
[UTC: 28-02-2025 09-50-51] - DEBUG: (0x5420) - Skip next instruction if (V4(01) == V2(02))(false).
[UTC: 28-02-2025 09-50-51] - DEBUG: (0x126C) - Jump to 0x026C.
[UTC: 28-02-2025 09-50-51] - DEBUG: (0x7401) - Add 0x04 to V1.
[UTC: 28-02-2025 09-50-51] - DEBUG: (0xE49E) - Skip next instruction if key V4(02) is pressed.
[UTC: 28-02-2025 09-50-51] - DEBUG: (0xE49E) - (NOT IMPLEMENTED).

[UTC: 28-02-2025 09-50-51] - DEBUG: (0xE49E) - (NOT IMPLEMENTED).

[UTC: 28-02-2025 09-50-51] - DEBUG: (0x1278) - Jump to 0x0278.
[UTC: 28-02-2025 09-50-51] - DEBUG: (0x5420) - Skip next instruction if (V4(02) == V2(02))(true).
[UTC: 28-02-2025 09-50-51] - DEBUG: (0x72FF) - Add 0x02 to VFF.
[UTC: 28-02-2025 09-50-51] - DEBUG: (0x1232) - Jump to 0x0232.
[UTC: 28-02-2025 09-50-51] - DEBUG: (0xF407) - Set V4 to delay timer(00).
[UTC: 28-02-2025 09-50-51] - DEBUG: (0xF407) - (NOT IMPLEMENTED).

[UTC: 28-02-2025 09-50-51] - DEBUG: (0x3400) - Skip next instruction if (V4(00) == 00)(true).
[UTC: 28-02-2025 09-50-51] - DEBUG: (0xA5E7) - Set I to 0x05E7.
[UTC: 28-02-2025 09-50-51] - DEBUG: (0xD012) - Draw sprite at (V0(0x08), V1(0x0D)). Width: 8 pixels. Height: 2 pixels. VF(0x01).
[UTC: 28-02-2025 09-50-51] - DEBUG: (0x640A) - Set V4 to 0x0A.
[UTC: 28-02-2025 09-50-51] - DEBUG: (0xF415) - Set delay timer to V4(0A).
[UTC: 28-02-2025 09-50-51] - DEBUG: (0xF415) - (NOT IMPLEMENTED).

[UTC: 28-02-2025 09-50-51] - DEBUG: (0x6401) - Set V4 to 0x01.
[UTC: 28-02-2025 09-50-51] - DEBUG: (0x8343) - Set V3 to V3(00) ^ V4(01).
[UTC: 28-02-2025 09-50-51] - DEBUG: (0x8343) - Skip next instruction if (V3(00) != V4(01))(true).
[UTC: 28-02-2025 09-50-51] - DEBUG: (0xE49E) - Skip next instruction if key V4(01) is pressed.
[UTC: 28-02-2025 09-50-51] - DEBUG: (0xE49E) - (NOT IMPLEMENTED).

[UTC: 28-02-2025 09-50-51] - DEBUG: (0xE49E) - (NOT IMPLEMENTED).

[UTC: 28-02-2025 09-50-51] - DEBUG: (0x1252) - Jump to 0x0252.
[UTC: 28-02-2025 09-50-51] - DEBUG: (0x640F) - Set V4 to 0x0F.
[UTC: 28-02-2025 09-50-51] - DEBUG: (0xE49E) - Skip next instruction if key V4(0F) is pressed.
[UTC: 28-02-2025 09-50-51] - DEBUG: (0xE49E) - (NOT IMPLEMENTED).

[UTC: 28-02-2025 09-50-51] - DEBUG: (0xE49E) - (NOT IMPLEMENTED).

[UTC: 28-02-2025 09-50-51] - DEBUG: (0x1260) - Jump to 0x0260.
[UTC: 28-02-2025 09-50-51] - DEBUG: (0x8650) - Set V6 to V5(00).
[UTC: 28-02-2025 09-50-51] - DEBUG: (0x8650) - Skip next instruction if (V6(00) != V5(00))(false).
[UTC: 28-02-2025 09-50-51] - DEBUG: (0x640A) - Set V4 to 0x0A.
[UTC: 28-02-2025 09-50-51] - DEBUG: (0xE4A1) - Skip next instruction if key V4(0A) is not pressed.
[UTC: 28-02-2025 09-50-51] - DEBUG: (0xE4A1) - (NOT IMPLEMENTED).

[UTC: 28-02-2025 09-50-51] - DEBUG: (0xE4A1) - (NOT IMPLEMENTED).

[UTC: 28-02-2025 09-50-51] - DEBUG: (0x6400) - Set V4 to 0x00.
[UTC: 28-02-2025 09-50-51] - DEBUG: (0x7201) - Add 0x02 to V1.
[UTC: 28-02-2025 09-50-51] - DEBUG: (0x7401) - Add 0x04 to V1.
[UTC: 28-02-2025 09-50-51] - DEBUG: (0xE49E) - Skip next instruction if key V4(01) is pressed.
[UTC: 28-02-2025 09-50-51] - DEBUG: (0xE49E) - (NOT IMPLEMENTED).

[UTC: 28-02-2025 09-50-51] - DEBUG: (0xE49E) - (NOT IMPLEMENTED).

[UTC: 28-02-2025 09-50-51] - DEBUG: (0x1278) - Jump to 0x0278.
[UTC: 28-02-2025 09-50-51] - DEBUG: (0x5420) - Skip next instruction if (V4(01) == V2(02))(false).
[UTC: 28-02-2025 09-50-51] - DEBUG: (0x126C) - Jump to 0x026C.
[UTC: 28-02-2025 09-50-51] - DEBUG: (0x7401) - Add 0x04 to V1.
[UTC: 28-02-2025 09-50-51] - DEBUG: (0xE49E) - Skip next instruction if key V4(02) is pressed.
[UTC: 28-02-2025 09-50-51] - DEBUG: (0xE49E) - (NOT IMPLEMENTED).

[UTC: 28-02-2025 09-50-51] - DEBUG: (0xE49E) - (NOT IMPLEMENTED).

[UTC: 28-02-2025 09-50-51] - DEBUG: (0x1278) - Jump to 0x0278.
[UTC: 28-02-2025 09-50-51] - DEBUG: (0x5420) - Skip next instruction if (V4(02) == V2(02))(true).
[UTC: 28-02-2025 09-50-51] - DEBUG: (0x72FF) - Add 0x02 to VFF.
[UTC: 28-02-2025 09-50-51] - DEBUG: (0x1232) - Jump to 0x0232.
[UTC: 28-02-2025 09-50-51] - DEBUG: (0xF407) - Set V4 to delay timer(01).
[UTC: 28-02-2025 09-50-51] - DEBUG: (0xF407) - (NOT IMPLEMENTED).

[UTC: 28-02-2025 09-50-51] - DEBUG: (0x3400) - Skip next instruction if (V4(01) == 00)(false).
[UTC: 28-02-2025 09-50-51] - DEBUG: (0x1244) - Jump to 0x0244.
[UTC: 28-02-2025 09-50-51] - DEBUG: (0x640E) - Set V4 to 0x0E.
[UTC: 28-02-2025 09-50-51] - DEBUG: (0xE49E) - Skip next instruction if key V4(0E) is pressed.
[UTC: 28-02-2025 09-50-51] - DEBUG: (0xE49E) - (NOT IMPLEMENTED).

[UTC: 28-02-2025 09-50-51] - DEBUG: (0xE49E) - (NOT IMPLEMENTED).

[UTC: 28-02-2025 09-50-51] - DEBUG: (0x1252) - Jump to 0x0252.
[UTC: 28-02-2025 09-50-51] - DEBUG: (0x640F) - Set V4 to 0x0F.
[UTC: 28-02-2025 09-50-51] - DEBUG: (0xE49E) - Skip next instruction if key V4(0F) is pressed.
[UTC: 28-02-2025 09-50-51] - DEBUG: (0xE49E) - (NOT IMPLEMENTED).

[UTC: 28-02-2025 09-50-51] - DEBUG: (0xE49E) - (NOT IMPLEMENTED).

[UTC: 28-02-2025 09-50-51] - DEBUG: (0x1260) - Jump to 0x0260.
[UTC: 28-02-2025 09-50-51] - DEBUG: (0x8650) - Set V6 to V5(00).
[UTC: 28-02-2025 09-50-51] - DEBUG: (0x8650) - Skip next instruction if (V6(00) != V5(00))(false).
[UTC: 28-02-2025 09-50-51] - DEBUG: (0x640A) - Set V4 to 0x0A.
[UTC: 28-02-2025 09-50-51] - DEBUG: (0xE4A1) - Skip next instruction if key V4(0A) is not pressed.
[UTC: 28-02-2025 09-50-51] - DEBUG: (0xE4A1) - (NOT IMPLEMENTED).

[UTC: 28-02-2025 09-50-51] - DEBUG: (0xE4A1) - (NOT IMPLEMENTED).

[UTC: 28-02-2025 09-50-51] - DEBUG: (0x6400) - Set V4 to 0x00.
[UTC: 28-02-2025 09-50-51] - DEBUG: (0x7201) - Add 0x02 to V1.
[UTC: 28-02-2025 09-50-51] - DEBUG: (0x7401) - Add 0x04 to V1.
[UTC: 28-02-2025 09-50-51] - DEBUG: (0xE49E) - Skip next instruction if key V4(01) is pressed.
[UTC: 28-02-2025 09-50-51] - DEBUG: (0xE49E) - (NOT IMPLEMENTED).

[UTC: 28-02-2025 09-50-51] - DEBUG: (0xE49E) - (NOT IMPLEMENTED).

[UTC: 28-02-2025 09-50-51] - DEBUG: (0x1278) - Jump to 0x0278.
[UTC: 28-02-2025 09-50-51] - DEBUG: (0x5420) - Skip next instruction if (V4(01) == V2(02))(false).
[UTC: 28-02-2025 09-50-51] - DEBUG: (0x126C) - Jump to 0x026C.
[UTC: 28-02-2025 09-50-51] - DEBUG: (0x7401) - Add 0x04 to V1.
[UTC: 28-02-2025 09-50-51] - DEBUG: (0xE49E) - Skip next instruction if key V4(02) is pressed.
[UTC: 28-02-2025 09-50-51] - DEBUG: (0xE49E) - (NOT IMPLEMENTED).

[UTC: 28-02-2025 09-50-51] - DEBUG: (0xE49E) - (NOT IMPLEMENTED).

[UTC: 28-02-2025 09-50-51] - DEBUG: (0x1278) - Jump to 0x0278.
[UTC: 28-02-2025 09-50-51] - DEBUG: (0x5420) - Skip next instruction if (V4(02) == V2(02))(true).
[UTC: 28-02-2025 09-50-51] - DEBUG: (0x72FF) - Add 0x02 to VFF.
[UTC: 28-02-2025 09-50-51] - DEBUG: (0x1232) - Jump to 0x0232.
[UTC: 28-02-2025 09-50-51] - DEBUG: (0xF407) - Set V4 to delay timer(00).
[UTC: 28-02-2025 09-50-51] - DEBUG: (0xF407) - (NOT IMPLEMENTED).

[UTC: 28-02-2025 09-50-51] - DEBUG: (0x3400) - Skip next instruction if (V4(00) == 00)(true).
[UTC: 28-02-2025 09-50-51] - DEBUG: (0xA5E7) - Set I to 0x05E7.
[UTC: 28-02-2025 09-50-51] - DEBUG: (0xD012) - Draw sprite at (V0(0x08), V1(0x0D)). Width: 8 pixels. Height: 2 pixels. VF(0x00).
[UTC: 28-02-2025 09-50-51] - DEBUG: (0x640A) - Set V4 to 0x0A.
[UTC: 28-02-2025 09-50-51] - DEBUG: (0xF415) - Set delay timer to V4(0A).
[UTC: 28-02-2025 09-50-51] - DEBUG: (0xF415) - (NOT IMPLEMENTED).

[UTC: 28-02-2025 09-50-51] - DEBUG: (0x6401) - Set V4 to 0x01.
[UTC: 28-02-2025 09-50-51] - DEBUG: (0x8343) - Set V3 to V3(01) ^ V4(01).
[UTC: 28-02-2025 09-50-51] - DEBUG: (0x8343) - Skip next instruction if (V3(01) != V4(01))(false).
[UTC: 28-02-2025 09-50-51] - DEBUG: (0x640E) - Set V4 to 0x0E.
[UTC: 28-02-2025 09-50-51] - DEBUG: (0xE49E) - Skip next instruction if key V4(0E) is pressed.
[UTC: 28-02-2025 09-50-51] - DEBUG: (0xE49E) - (NOT IMPLEMENTED).

[UTC: 28-02-2025 09-50-51] - DEBUG: (0xE49E) - (NOT IMPLEMENTED).

[UTC: 28-02-2025 09-50-51] - DEBUG: (0x1252) - Jump to 0x0252.
[UTC: 28-02-2025 09-50-51] - DEBUG: (0x640F) - Set V4 to 0x0F.
[UTC: 28-02-2025 09-50-51] - DEBUG: (0xE49E) - Skip next instruction if key V4(0F) is pressed.
[UTC: 28-02-2025 09-50-51] - DEBUG: (0xE49E) - (NOT IMPLEMENTED).

[UTC: 28-02-2025 09-50-51] - DEBUG: (0xE49E) - (NOT IMPLEMENTED).

[UTC: 28-02-2025 09-50-51] - DEBUG: (0x1260) - Jump to 0x0260.
[UTC: 28-02-2025 09-50-51] - DEBUG: (0x8650) - Set V6 to V5(00).
[UTC: 28-02-2025 09-50-51] - DEBUG: (0x8650) - Skip next instruction if (V6(00) != V5(00))(false).
[UTC: 28-02-2025 09-50-51] - DEBUG: (0x640A) - Set V4 to 0x0A.
[UTC: 28-02-2025 09-50-51] - DEBUG: (0xE4A1) - Skip next instruction if key V4(0A) is not pressed.
[UTC: 28-02-2025 09-50-51] - DEBUG: (0xE4A1) - (NOT IMPLEMENTED).

[UTC: 28-02-2025 09-50-51] - DEBUG: (0xE4A1) - (NOT IMPLEMENTED).

[UTC: 28-02-2025 09-50-51] - DEBUG: (0x6400) - Set V4 to 0x00.
[UTC: 28-02-2025 09-50-51] - DEBUG: (0x7201) - Add 0x02 to V1.
[UTC: 28-02-2025 09-50-51] - DEBUG: (0x7401) - Add 0x04 to V1.
[UTC: 28-02-2025 09-50-51] - DEBUG: (0xE49E) - Skip next instruction if key V4(01) is pressed.
[UTC: 28-02-2025 09-50-51] - DEBUG: (0xE49E) - (NOT IMPLEMENTED).

[UTC: 28-02-2025 09-50-51] - DEBUG: (0xE49E) - (NOT IMPLEMENTED).

[UTC: 28-02-2025 09-50-51] - DEBUG: (0x1278) - Jump to 0x0278.
[UTC: 28-02-2025 09-50-51] - DEBUG: (0x5420) - Skip next instruction if (V4(01) == V2(02))(false).
[UTC: 28-02-2025 09-50-51] - DEBUG: (0x126C) - Jump to 0x026C.
[UTC: 28-02-2025 09-50-51] - DEBUG: (0x7401) - Add 0x04 to V1.
[UTC: 28-02-2025 09-50-51] - DEBUG: (0xE49E) - Skip next instruction if key V4(02) is pressed.
[UTC: 28-02-2025 09-50-51] - DEBUG: (0xE49E) - (NOT IMPLEMENTED).

[UTC: 28-02-2025 09-50-51] - DEBUG: (0xE49E) - (NOT IMPLEMENTED).

[UTC: 28-02-2025 09-50-51] - DEBUG: (0x1278) - Jump to 0x0278.
[UTC: 28-02-2025 09-50-51] - DEBUG: (0x5420) - Skip next instruction if (V4(02) == V2(02))(true).
[UTC: 28-02-2025 09-50-51] - DEBUG: (0x72FF) - Add 0x02 to VFF.
[UTC: 28-02-2025 09-50-51] - DEBUG: (0x1232) - Jump to 0x0232.
[UTC: 28-02-2025 09-50-51] - DEBUG: (0xF407) - Set V4 to delay timer(02).
[UTC: 28-02-2025 09-50-51] - DEBUG: (0xF407) - (NOT IMPLEMENTED).

[UTC: 28-02-2025 09-50-51] - DEBUG: (0x3400) - Skip next instruction if (V4(02) == 00)(false).
[UTC: 28-02-2025 09-50-51] - DEBUG: (0x1244) - Jump to 0x0244.
[UTC: 28-02-2025 09-50-51] - DEBUG: (0x640E) - Set V4 to 0x0E.
[UTC: 28-02-2025 09-50-51] - DEBUG: (0xE49E) - Skip next instruction if key V4(0E) is pressed.
[UTC: 28-02-2025 09-50-51] - DEBUG: (0xE49E) - (NOT IMPLEMENTED).

[UTC: 28-02-2025 09-50-51] - DEBUG: (0xE49E) - (NOT IMPLEMENTED).

[UTC: 28-02-2025 09-50-51] - DEBUG: (0x1252) - Jump to 0x0252.
[UTC: 28-02-2025 09-50-51] - DEBUG: (0x640F) - Set V4 to 0x0F.
[UTC: 28-02-2025 09-50-51] - DEBUG: (0xE49E) - Skip next instruction if key V4(0F) is pressed.
[UTC: 28-02-2025 09-50-51] - DEBUG: (0xE49E) - (NOT IMPLEMENTED).

[UTC: 28-02-2025 09-50-51] - DEBUG: (0xE49E) - (NOT IMPLEMENTED).

[UTC: 28-02-2025 09-50-51] - DEBUG: (0x1260) - Jump to 0x0260.
[UTC: 28-02-2025 09-50-51] - DEBUG: (0x8650) - Set V6 to V5(00).
[UTC: 28-02-2025 09-50-51] - DEBUG: (0x8650) - Skip next instruction if (V6(00) != V5(00))(false).
[UTC: 28-02-2025 09-50-51] - DEBUG: (0x640A) - Set V4 to 0x0A.
[UTC: 28-02-2025 09-50-51] - DEBUG: (0xE4A1) - Skip next instruction if key V4(0A) is not pressed.
[UTC: 28-02-2025 09-50-51] - DEBUG: (0xE4A1) - (NOT IMPLEMENTED).

[UTC: 28-02-2025 09-50-51] - DEBUG: (0xE4A1) - (NOT IMPLEMENTED).

[UTC: 28-02-2025 09-50-51] - DEBUG: (0x6400) - Set V4 to 0x00.
[UTC: 28-02-2025 09-50-51] - DEBUG: (0x7201) - Add 0x02 to V1.
[UTC: 28-02-2025 09-50-51] - DEBUG: (0x7401) - Add 0x04 to V1.
[UTC: 28-02-2025 09-50-51] - DEBUG: (0xE49E) - Skip next instruction if key V4(01) is pressed.
[UTC: 28-02-2025 09-50-51] - DEBUG: (0xE49E) - (NOT IMPLEMENTED).

[UTC: 28-02-2025 09-50-51] - DEBUG: (0xE49E) - (NOT IMPLEMENTED).

[UTC: 28-02-2025 09-50-51] - DEBUG: (0x1278) - Jump to 0x0278.
[UTC: 28-02-2025 09-50-51] - DEBUG: (0x5420) - Skip next instruction if (V4(01) == V2(02))(false).
[UTC: 28-02-2025 09-50-51] - DEBUG: (0x126C) - Jump to 0x026C.
[UTC: 28-02-2025 09-50-51] - DEBUG: (0x7401) - Add 0x04 to V1.
[UTC: 28-02-2025 09-50-51] - DEBUG: (0xE49E) - Skip next instruction if key V4(02) is pressed.
[UTC: 28-02-2025 09-50-51] - DEBUG: (0xE49E) - (NOT IMPLEMENTED).

[UTC: 28-02-2025 09-50-51] - DEBUG: (0xE49E) - (NOT IMPLEMENTED).

[UTC: 28-02-2025 09-50-51] - DEBUG: (0x1278) - Jump to 0x0278.
[UTC: 28-02-2025 09-50-51] - DEBUG: (0x5420) - Skip next instruction if (V4(02) == V2(02))(true).
[UTC: 28-02-2025 09-50-51] - DEBUG: (0x72FF) - Add 0x02 to VFF.
[UTC: 28-02-2025 09-50-51] - DEBUG: (0x1232) - Jump to 0x0232.
[UTC: 28-02-2025 09-50-51] - DEBUG: (0xF407) - Set V4 to delay timer(00).
[UTC: 28-02-2025 09-50-51] - DEBUG: (0xF407) - (NOT IMPLEMENTED).

[UTC: 28-02-2025 09-50-51] - DEBUG: (0x3400) - Skip next instruction if (V4(00) == 00)(true).
[UTC: 28-02-2025 09-50-51] - DEBUG: (0xA5E7) - Set I to 0x05E7.
[UTC: 28-02-2025 09-50-51] - DEBUG: (0xD012) - Draw sprite at (V0(0x08), V1(0x0D)). Width: 8 pixels. Height: 2 pixels. VF(0x01).
[UTC: 28-02-2025 09-50-51] - DEBUG: (0x640A) - Set V4 to 0x0A.
[UTC: 28-02-2025 09-50-51] - DEBUG: (0xF415) - Set delay timer to V4(0A).
[UTC: 28-02-2025 09-50-51] - DEBUG: (0xF415) - (NOT IMPLEMENTED).

[UTC: 28-02-2025 09-50-51] - DEBUG: (0x6401) - Set V4 to 0x01.
[UTC: 28-02-2025 09-50-51] - DEBUG: (0x8343) - Set V3 to V3(00) ^ V4(01).
[UTC: 28-02-2025 09-50-51] - DEBUG: (0x8343) - Skip next instruction if (V3(00) != V4(01))(true).
[UTC: 28-02-2025 09-50-51] - DEBUG: (0xE49E) - Skip next instruction if key V4(01) is pressed.
[UTC: 28-02-2025 09-50-51] - DEBUG: (0xE49E) - (NOT IMPLEMENTED).

[UTC: 28-02-2025 09-50-51] - DEBUG: (0xE49E) - (NOT IMPLEMENTED).

[UTC: 28-02-2025 09-50-51] - DEBUG: (0x1252) - Jump to 0x0252.
[UTC: 28-02-2025 09-50-51] - DEBUG: (0x640F) - Set V4 to 0x0F.
[UTC: 28-02-2025 09-50-51] - DEBUG: (0xE49E) - Skip next instruction if key V4(0F) is pressed.
[UTC: 28-02-2025 09-50-51] - DEBUG: (0xE49E) - (NOT IMPLEMENTED).

[UTC: 28-02-2025 09-50-51] - DEBUG: (0xE49E) - (NOT IMPLEMENTED).

[UTC: 28-02-2025 09-50-51] - DEBUG: (0x1260) - Jump to 0x0260.
[UTC: 28-02-2025 09-50-51] - DEBUG: (0x8650) - Set V6 to V5(00).
[UTC: 28-02-2025 09-50-51] - DEBUG: (0x8650) - Skip next instruction if (V6(00) != V5(00))(false).
[UTC: 28-02-2025 09-50-51] - DEBUG: (0x640A) - Set V4 to 0x0A.
[UTC: 28-02-2025 09-50-51] - DEBUG: (0xE4A1) - Skip next instruction if key V4(0A) is not pressed.
[UTC: 28-02-2025 09-50-51] - DEBUG: (0xE4A1) - (NOT IMPLEMENTED).

[UTC: 28-02-2025 09-50-51] - DEBUG: (0xE4A1) - (NOT IMPLEMENTED).

[UTC: 28-02-2025 09-50-51] - DEBUG: (0x6400) - Set V4 to 0x00.
[UTC: 28-02-2025 09-50-51] - DEBUG: (0x7201) - Add 0x02 to V1.
[UTC: 28-02-2025 09-50-51] - DEBUG: (0x7401) - Add 0x04 to V1.
[UTC: 28-02-2025 09-50-51] - DEBUG: (0xE49E) - Skip next instruction if key V4(01) is pressed.
[UTC: 28-02-2025 09-50-51] - DEBUG: (0xE49E) - (NOT IMPLEMENTED).

[UTC: 28-02-2025 09-50-51] - DEBUG: (0xE49E) - (NOT IMPLEMENTED).

[UTC: 28-02-2025 09-50-51] - DEBUG: (0x1278) - Jump to 0x0278.
[UTC: 28-02-2025 09-50-51] - DEBUG: (0x5420) - Skip next instruction if (V4(01) == V2(02))(false).
[UTC: 28-02-2025 09-50-51] - DEBUG: (0x126C) - Jump to 0x026C.
[UTC: 28-02-2025 09-50-51] - DEBUG: (0x7401) - Add 0x04 to V1.
[UTC: 28-02-2025 09-50-51] - DEBUG: (0xE49E) - Skip next instruction if key V4(02) is pressed.
[UTC: 28-02-2025 09-50-51] - DEBUG: (0xE49E) - (NOT IMPLEMENTED).

[UTC: 28-02-2025 09-50-51] - DEBUG: (0xE49E) - (NOT IMPLEMENTED).

[UTC: 28-02-2025 09-50-51] - DEBUG: (0x1278) - Jump to 0x0278.
[UTC: 28-02-2025 09-50-51] - DEBUG: (0x5420) - Skip next instruction if (V4(02) == V2(02))(true).
[UTC: 28-02-2025 09-50-51] - DEBUG: (0x72FF) - Add 0x02 to VFF.
[UTC: 28-02-2025 09-50-51] - DEBUG: (0x1232) - Jump to 0x0232.
[UTC: 28-02-2025 09-50-51] - DEBUG: (0xF407) - Set V4 to delay timer(01).
[UTC: 28-02-2025 09-50-51] - DEBUG: (0xF407) - (NOT IMPLEMENTED).

[UTC: 28-02-2025 09-50-51] - DEBUG: (0x3400) - Skip next instruction if (V4(01) == 00)(false).
[UTC: 28-02-2025 09-50-51] - DEBUG: (0x1244) - Jump to 0x0244.
[UTC: 28-02-2025 09-50-51] - DEBUG: (0x640E) - Set V4 to 0x0E.
[UTC: 28-02-2025 09-50-51] - DEBUG: (0xE49E) - Skip next instruction if key V4(0E) is pressed.
[UTC: 28-02-2025 09-50-51] - DEBUG: (0xE49E) - (NOT IMPLEMENTED).

[UTC: 28-02-2025 09-50-51] - DEBUG: (0xE49E) - (NOT IMPLEMENTED).

[UTC: 28-02-2025 09-50-51] - DEBUG: (0x1252) - Jump to 0x0252.
[UTC: 28-02-2025 09-50-51] - DEBUG: (0x640F) - Set V4 to 0x0F.
[UTC: 28-02-2025 09-50-52] - DEBUG: (0xE49E) - Skip next instruction if key V4(0F) is pressed.
[UTC: 28-02-2025 09-50-52] - DEBUG: (0xE49E) - (NOT IMPLEMENTED).

[UTC: 28-02-2025 09-50-52] - DEBUG: (0xE49E) - (NOT IMPLEMENTED).

[UTC: 28-02-2025 09-50-52] - DEBUG: (0x1260) - Jump to 0x0260.
[UTC: 28-02-2025 09-50-52] - DEBUG: (0x8650) - Set V6 to V5(00).
[UTC: 28-02-2025 09-50-52] - DEBUG: (0x8650) - Skip next instruction if (V6(00) != V5(00))(false).
[UTC: 28-02-2025 09-50-52] - DEBUG: (0x640A) - Set V4 to 0x0A.
[UTC: 28-02-2025 09-50-52] - DEBUG: (0xE4A1) - Skip next instruction if key V4(0A) is not pressed.
[UTC: 28-02-2025 09-50-52] - DEBUG: (0xE4A1) - (NOT IMPLEMENTED).

[UTC: 28-02-2025 09-50-52] - DEBUG: (0xE4A1) - (NOT IMPLEMENTED).

[UTC: 28-02-2025 09-50-52] - DEBUG: (0x6400) - Set V4 to 0x00.
[UTC: 28-02-2025 09-50-52] - DEBUG: (0x7201) - Add 0x02 to V1.
[UTC: 28-02-2025 09-50-52] - DEBUG: (0x7401) - Add 0x04 to V1.
[UTC: 28-02-2025 09-50-52] - DEBUG: (0xE49E) - Skip next instruction if key V4(01) is pressed.
[UTC: 28-02-2025 09-50-52] - DEBUG: (0xE49E) - (NOT IMPLEMENTED).

[UTC: 28-02-2025 09-50-52] - DEBUG: (0xE49E) - (NOT IMPLEMENTED).

[UTC: 28-02-2025 09-50-52] - DEBUG: (0x1278) - Jump to 0x0278.
[UTC: 28-02-2025 09-50-52] - DEBUG: (0x5420) - Skip next instruction if (V4(01) == V2(02))(false).
[UTC: 28-02-2025 09-50-52] - DEBUG: (0x126C) - Jump to 0x026C.
[UTC: 28-02-2025 09-50-52] - DEBUG: (0x7401) - Add 0x04 to V1.
[UTC: 28-02-2025 09-50-52] - DEBUG: (0xE49E) - Skip next instruction if key V4(02) is pressed.
[UTC: 28-02-2025 09-50-52] - DEBUG: (0xE49E) - (NOT IMPLEMENTED).

[UTC: 28-02-2025 09-50-52] - DEBUG: (0xE49E) - (NOT IMPLEMENTED).

[UTC: 28-02-2025 09-50-52] - DEBUG: (0x1278) - Jump to 0x0278.
[UTC: 28-02-2025 09-50-52] - DEBUG: (0x5420) - Skip next instruction if (V4(02) == V2(02))(true).
[UTC: 28-02-2025 09-50-52] - DEBUG: (0x72FF) - Add 0x02 to VFF.
[UTC: 28-02-2025 09-50-52] - DEBUG: (0x1232) - Jump to 0x0232.
[UTC: 28-02-2025 09-50-52] - DEBUG: (0xF407) - Set V4 to delay timer(00).
[UTC: 28-02-2025 09-50-52] - DEBUG: (0xF407) - (NOT IMPLEMENTED).

[UTC: 28-02-2025 09-50-52] - DEBUG: (0x3400) - Skip next instruction if (V4(00) == 00)(true).
[UTC: 28-02-2025 09-50-52] - DEBUG: (0xA5E7) - Set I to 0x05E7.
[UTC: 28-02-2025 09-50-52] - DEBUG: (0xD012) - Draw sprite at (V0(0x08), V1(0x0D)). Width: 8 pixels. Height: 2 pixels. VF(0x00).
[UTC: 28-02-2025 09-50-52] - DEBUG: (0x640A) - Set V4 to 0x0A.
[UTC: 28-02-2025 09-50-52] - DEBUG: (0xF415) - Set delay timer to V4(0A).
[UTC: 28-02-2025 09-50-52] - DEBUG: (0xF415) - (NOT IMPLEMENTED).

[UTC: 28-02-2025 09-50-52] - DEBUG: (0x6401) - Set V4 to 0x01.
[UTC: 28-02-2025 09-50-52] - DEBUG: (0x8343) - Set V3 to V3(01) ^ V4(01).
[UTC: 28-02-2025 09-50-52] - DEBUG: (0x8343) - Skip next instruction if (V3(01) != V4(01))(false).
[UTC: 28-02-2025 09-50-52] - DEBUG: (0x640E) - Set V4 to 0x0E.
[UTC: 28-02-2025 09-50-52] - DEBUG: (0xE49E) - Skip next instruction if key V4(0E) is pressed.
[UTC: 28-02-2025 09-50-52] - DEBUG: (0xE49E) - (NOT IMPLEMENTED).

[UTC: 28-02-2025 09-50-52] - DEBUG: (0xE49E) - (NOT IMPLEMENTED).

[UTC: 28-02-2025 09-50-52] - DEBUG: (0x1252) - Jump to 0x0252.
[UTC: 28-02-2025 09-50-52] - DEBUG: (0x640F) - Set V4 to 0x0F.
[UTC: 28-02-2025 09-50-52] - DEBUG: (0xE49E) - Skip next instruction if key V4(0F) is pressed.
[UTC: 28-02-2025 09-50-52] - DEBUG: (0xE49E) - (NOT IMPLEMENTED).

[UTC: 28-02-2025 09-50-52] - DEBUG: (0xE49E) - (NOT IMPLEMENTED).

[UTC: 28-02-2025 09-50-52] - DEBUG: (0x1260) - Jump to 0x0260.
[UTC: 28-02-2025 09-50-52] - DEBUG: (0x8650) - Set V6 to V5(00).
[UTC: 28-02-2025 09-50-52] - DEBUG: (0x8650) - Skip next instruction if (V6(00) != V5(00))(false).
[UTC: 28-02-2025 09-50-52] - DEBUG: (0x640A) - Set V4 to 0x0A.
[UTC: 28-02-2025 09-50-52] - DEBUG: (0xE4A1) - Skip next instruction if key V4(0A) is not pressed.
[UTC: 28-02-2025 09-50-52] - DEBUG: (0xE4A1) - (NOT IMPLEMENTED).

[UTC: 28-02-2025 09-50-52] - DEBUG: (0xE4A1) - (NOT IMPLEMENTED).

[UTC: 28-02-2025 09-50-52] - DEBUG: (0x6400) - Set V4 to 0x00.
[UTC: 28-02-2025 09-50-52] - DEBUG: (0x7201) - Add 0x02 to V1.
[UTC: 28-02-2025 09-50-52] - DEBUG: (0x7401) - Add 0x04 to V1.
[UTC: 28-02-2025 09-50-52] - DEBUG: (0xE49E) - Skip next instruction if key V4(01) is pressed.
[UTC: 28-02-2025 09-50-52] - DEBUG: (0xE49E) - (NOT IMPLEMENTED).

[UTC: 28-02-2025 09-50-52] - DEBUG: (0xE49E) - (NOT IMPLEMENTED).

[UTC: 28-02-2025 09-50-52] - DEBUG: (0x1278) - Jump to 0x0278.
[UTC: 28-02-2025 09-50-52] - DEBUG: (0x5420) - Skip next instruction if (V4(01) == V2(02))(false).
[UTC: 28-02-2025 09-50-52] - DEBUG: (0x126C) - Jump to 0x026C.
[UTC: 28-02-2025 09-50-52] - DEBUG: (0x7401) - Add 0x04 to V1.
[UTC: 28-02-2025 09-50-52] - DEBUG: (0xE49E) - Skip next instruction if key V4(02) is pressed.
[UTC: 28-02-2025 09-50-52] - DEBUG: (0xE49E) - (NOT IMPLEMENTED).

[UTC: 28-02-2025 09-50-52] - DEBUG: (0xE49E) - (NOT IMPLEMENTED).

[UTC: 28-02-2025 09-50-52] - DEBUG: (0x1278) - Jump to 0x0278.
[UTC: 28-02-2025 09-50-52] - DEBUG: (0x5420) - Skip next instruction if (V4(02) == V2(02))(true).
[UTC: 28-02-2025 09-50-52] - DEBUG: (0x72FF) - Add 0x02 to VFF.
[UTC: 28-02-2025 09-50-52] - DEBUG: (0x1232) - Jump to 0x0232.
[UTC: 28-02-2025 09-50-52] - DEBUG: (0xF407) - Set V4 to delay timer(02).
[UTC: 28-02-2025 09-50-52] - DEBUG: (0xF407) - (NOT IMPLEMENTED).

[UTC: 28-02-2025 09-50-52] - DEBUG: (0x3400) - Skip next instruction if (V4(02) == 00)(false).
[UTC: 28-02-2025 09-50-52] - DEBUG: (0x1244) - Jump to 0x0244.
[UTC: 28-02-2025 09-50-52] - DEBUG: (0x640E) - Set V4 to 0x0E.
[UTC: 28-02-2025 09-50-52] - DEBUG: (0xE49E) - Skip next instruction if key V4(0E) is pressed.
[UTC: 28-02-2025 09-50-52] - DEBUG: (0xE49E) - (NOT IMPLEMENTED).

[UTC: 28-02-2025 09-50-52] - DEBUG: (0xE49E) - (NOT IMPLEMENTED).

[UTC: 28-02-2025 09-50-52] - DEBUG: (0x1252) - Jump to 0x0252.
[UTC: 28-02-2025 09-50-52] - DEBUG: (0x640F) - Set V4 to 0x0F.
[UTC: 28-02-2025 09-50-52] - DEBUG: (0xE49E) - Skip next instruction if key V4(0F) is pressed.
[UTC: 28-02-2025 09-50-52] - DEBUG: (0xE49E) - (NOT IMPLEMENTED).

[UTC: 28-02-2025 09-50-52] - DEBUG: (0xE49E) - (NOT IMPLEMENTED).

[UTC: 28-02-2025 09-50-52] - DEBUG: (0x1260) - Jump to 0x0260.
[UTC: 28-02-2025 09-50-52] - DEBUG: (0x8650) - Set V6 to V5(00).
[UTC: 28-02-2025 09-50-52] - DEBUG: (0x8650) - Skip next instruction if (V6(00) != V5(00))(false).
[UTC: 28-02-2025 09-50-52] - DEBUG: (0x640A) - Set V4 to 0x0A.
[UTC: 28-02-2025 09-50-52] - DEBUG: (0xE4A1) - Skip next instruction if key V4(0A) is not pressed.
[UTC: 28-02-2025 09-50-52] - DEBUG: (0xE4A1) - (NOT IMPLEMENTED).

[UTC: 28-02-2025 09-50-52] - DEBUG: (0xE4A1) - (NOT IMPLEMENTED).

[UTC: 28-02-2025 09-50-52] - DEBUG: (0x6400) - Set V4 to 0x00.
[UTC: 28-02-2025 09-50-52] - DEBUG: (0x7201) - Add 0x02 to V1.
[UTC: 28-02-2025 09-50-52] - DEBUG: (0x7401) - Add 0x04 to V1.
[UTC: 28-02-2025 09-50-52] - DEBUG: (0xE49E) - Skip next instruction if key V4(01) is pressed.
[UTC: 28-02-2025 09-50-52] - DEBUG: (0xE49E) - (NOT IMPLEMENTED).

[UTC: 28-02-2025 09-50-52] - DEBUG: (0xE49E) - (NOT IMPLEMENTED).

[UTC: 28-02-2025 09-50-52] - DEBUG: (0x1278) - Jump to 0x0278.
[UTC: 28-02-2025 09-50-52] - DEBUG: (0x5420) - Skip next instruction if (V4(01) == V2(02))(false).
[UTC: 28-02-2025 09-50-52] - DEBUG: (0x126C) - Jump to 0x026C.
[UTC: 28-02-2025 09-50-52] - DEBUG: (0x7401) - Add 0x04 to V1.
[UTC: 28-02-2025 09-50-52] - DEBUG: (0xE49E) - Skip next instruction if key V4(02) is pressed.
[UTC: 28-02-2025 09-50-52] - DEBUG: (0xE49E) - (NOT IMPLEMENTED).

[UTC: 28-02-2025 09-50-52] - DEBUG: (0xE49E) - (NOT IMPLEMENTED).

[UTC: 28-02-2025 09-50-52] - DEBUG: (0x1278) - Jump to 0x0278.
[UTC: 28-02-2025 09-50-52] - DEBUG: (0x5420) - Skip next instruction if (V4(02) == V2(02))(true).
[UTC: 28-02-2025 09-50-52] - DEBUG: (0x72FF) - Add 0x02 to VFF.
[UTC: 28-02-2025 09-50-52] - DEBUG: (0x1232) - Jump to 0x0232.
[UTC: 28-02-2025 09-50-52] - DEBUG: (0xF407) - Set V4 to delay timer(00).
[UTC: 28-02-2025 09-50-52] - DEBUG: (0xF407) - (NOT IMPLEMENTED).

[UTC: 28-02-2025 09-50-52] - DEBUG: (0x3400) - Skip next instruction if (V4(00) == 00)(true).
[UTC: 28-02-2025 09-50-52] - DEBUG: (0xA5E7) - Set I to 0x05E7.
[UTC: 28-02-2025 09-50-52] - DEBUG: (0xD012) - Draw sprite at (V0(0x08), V1(0x0D)). Width: 8 pixels. Height: 2 pixels. VF(0x01).
[UTC: 28-02-2025 09-50-52] - DEBUG: (0x640A) - Set V4 to 0x0A.
[UTC: 28-02-2025 09-50-52] - DEBUG: (0xF415) - Set delay timer to V4(0A).
[UTC: 28-02-2025 09-50-52] - DEBUG: (0xF415) - (NOT IMPLEMENTED).

[UTC: 28-02-2025 09-50-52] - DEBUG: (0x6401) - Set V4 to 0x01.
[UTC: 28-02-2025 09-50-52] - DEBUG: (0x8343) - Set V3 to V3(00) ^ V4(01).
[UTC: 28-02-2025 09-50-52] - DEBUG: (0x8343) - Skip next instruction if (V3(00) != V4(01))(true).
[UTC: 28-02-2025 09-50-52] - DEBUG: (0xE49E) - Skip next instruction if key V4(01) is pressed.
[UTC: 28-02-2025 09-50-52] - DEBUG: (0xE49E) - (NOT IMPLEMENTED).

[UTC: 28-02-2025 09-50-52] - DEBUG: (0xE49E) - (NOT IMPLEMENTED).

[UTC: 28-02-2025 09-50-52] - DEBUG: (0x1252) - Jump to 0x0252.
[UTC: 28-02-2025 09-50-52] - DEBUG: (0x640F) - Set V4 to 0x0F.
[UTC: 28-02-2025 09-50-52] - DEBUG: (0xE49E) - Skip next instruction if key V4(0F) is pressed.
[UTC: 28-02-2025 09-50-52] - DEBUG: (0xE49E) - (NOT IMPLEMENTED).

[UTC: 28-02-2025 09-50-52] - DEBUG: (0xE49E) - (NOT IMPLEMENTED).

[UTC: 28-02-2025 09-50-52] - DEBUG: (0x1260) - Jump to 0x0260.
[UTC: 28-02-2025 09-50-52] - DEBUG: (0x8650) - Set V6 to V5(00).
[UTC: 28-02-2025 09-50-52] - DEBUG: (0x8650) - Skip next instruction if (V6(00) != V5(00))(false).
[UTC: 28-02-2025 09-50-52] - DEBUG: (0x640A) - Set V4 to 0x0A.
[UTC: 28-02-2025 09-50-52] - DEBUG: (0xE4A1) - Skip next instruction if key V4(0A) is not pressed.
[UTC: 28-02-2025 09-50-52] - DEBUG: (0xE4A1) - (NOT IMPLEMENTED).

[UTC: 28-02-2025 09-50-52] - DEBUG: (0xE4A1) - (NOT IMPLEMENTED).

[UTC: 28-02-2025 09-50-52] - DEBUG: (0x6400) - Set V4 to 0x00.
[UTC: 28-02-2025 09-50-52] - DEBUG: (0x7201) - Add 0x02 to V1.
[UTC: 28-02-2025 09-50-52] - DEBUG: (0x7401) - Add 0x04 to V1.
[UTC: 28-02-2025 09-50-52] - DEBUG: (0xE49E) - Skip next instruction if key V4(01) is pressed.
[UTC: 28-02-2025 09-50-52] - DEBUG: (0xE49E) - (NOT IMPLEMENTED).

[UTC: 28-02-2025 09-50-52] - DEBUG: (0xE49E) - (NOT IMPLEMENTED).

[UTC: 28-02-2025 09-50-52] - DEBUG: (0x1278) - Jump to 0x0278.
[UTC: 28-02-2025 09-50-52] - DEBUG: (0x5420) - Skip next instruction if (V4(01) == V2(02))(false).
[UTC: 28-02-2025 09-50-52] - DEBUG: (0x126C) - Jump to 0x026C.
[UTC: 28-02-2025 09-50-52] - DEBUG: (0x7401) - Add 0x04 to V1.
[UTC: 28-02-2025 09-50-52] - DEBUG: (0xE49E) - Skip next instruction if key V4(02) is pressed.
[UTC: 28-02-2025 09-50-52] - DEBUG: (0xE49E) - (NOT IMPLEMENTED).

[UTC: 28-02-2025 09-50-52] - DEBUG: (0xE49E) - (NOT IMPLEMENTED).

[UTC: 28-02-2025 09-50-52] - DEBUG: (0x1278) - Jump to 0x0278.
[UTC: 28-02-2025 09-50-52] - DEBUG: (0x5420) - Skip next instruction if (V4(02) == V2(02))(true).
[UTC: 28-02-2025 09-50-52] - DEBUG: (0x72FF) - Add 0x02 to VFF.
[UTC: 28-02-2025 09-50-52] - DEBUG: (0x1232) - Jump to 0x0232.
[UTC: 28-02-2025 09-50-52] - DEBUG: (0xF407) - Set V4 to delay timer(01).
[UTC: 28-02-2025 09-50-52] - DEBUG: (0xF407) - (NOT IMPLEMENTED).

[UTC: 28-02-2025 09-50-52] - DEBUG: (0x3400) - Skip next instruction if (V4(01) == 00)(false).
[UTC: 28-02-2025 09-50-52] - DEBUG: (0x1244) - Jump to 0x0244.
[UTC: 28-02-2025 09-50-52] - DEBUG: (0x640E) - Set V4 to 0x0E.
[UTC: 28-02-2025 09-50-52] - DEBUG: (0xE49E) - Skip next instruction if key V4(0E) is pressed.
[UTC: 28-02-2025 09-50-52] - DEBUG: (0xE49E) - (NOT IMPLEMENTED).

[UTC: 28-02-2025 09-50-52] - DEBUG: (0xE49E) - (NOT IMPLEMENTED).

[UTC: 28-02-2025 09-50-52] - DEBUG: (0x1252) - Jump to 0x0252.
[UTC: 28-02-2025 09-50-52] - DEBUG: (0x640F) - Set V4 to 0x0F.
[UTC: 28-02-2025 09-50-52] - DEBUG: (0xE49E) - Skip next instruction if key V4(0F) is pressed.
[UTC: 28-02-2025 09-50-52] - DEBUG: (0xE49E) - (NOT IMPLEMENTED).

[UTC: 28-02-2025 09-50-52] - DEBUG: (0xE49E) - (NOT IMPLEMENTED).

[UTC: 28-02-2025 09-50-52] - DEBUG: (0x1260) - Jump to 0x0260.
[UTC: 28-02-2025 09-50-52] - DEBUG: (0x8650) - Set V6 to V5(00).
[UTC: 28-02-2025 09-50-52] - DEBUG: (0x8650) - Skip next instruction if (V6(00) != V5(00))(false).
[UTC: 28-02-2025 09-50-52] - DEBUG: (0x640A) - Set V4 to 0x0A.
[UTC: 28-02-2025 09-50-52] - DEBUG: (0xE4A1) - Skip next instruction if key V4(0A) is not pressed.
[UTC: 28-02-2025 09-50-52] - DEBUG: (0xE4A1) - (NOT IMPLEMENTED).

[UTC: 28-02-2025 09-50-52] - DEBUG: (0xE4A1) - (NOT IMPLEMENTED).

[UTC: 28-02-2025 09-50-52] - DEBUG: (0x6400) - Set V4 to 0x00.
[UTC: 28-02-2025 09-50-52] - DEBUG: (0x7201) - Add 0x02 to V1.
[UTC: 28-02-2025 09-50-52] - DEBUG: (0x7401) - Add 0x04 to V1.
[UTC: 28-02-2025 09-50-52] - DEBUG: (0xE49E) - Skip next instruction if key V4(01) is pressed.
[UTC: 28-02-2025 09-50-52] - DEBUG: (0xE49E) - (NOT IMPLEMENTED).

[UTC: 28-02-2025 09-50-52] - DEBUG: (0xE49E) - (NOT IMPLEMENTED).

[UTC: 28-02-2025 09-50-52] - DEBUG: (0x1278) - Jump to 0x0278.
[UTC: 28-02-2025 09-50-52] - DEBUG: (0x5420) - Skip next instruction if (V4(01) == V2(02))(false).
[UTC: 28-02-2025 09-50-52] - DEBUG: (0x126C) - Jump to 0x026C.
[UTC: 28-02-2025 09-50-52] - DEBUG: (0x7401) - Add 0x04 to V1.
[UTC: 28-02-2025 09-50-52] - DEBUG: (0xE49E) - Skip next instruction if key V4(02) is pressed.
[UTC: 28-02-2025 09-50-52] - DEBUG: (0xE49E) - (NOT IMPLEMENTED).

[UTC: 28-02-2025 09-50-52] - DEBUG: (0xE49E) - (NOT IMPLEMENTED).

[UTC: 28-02-2025 09-50-52] - DEBUG: (0x1278) - Jump to 0x0278.
[UTC: 28-02-2025 09-50-52] - DEBUG: (0x5420) - Skip next instruction if (V4(02) == V2(02))(true).
[UTC: 28-02-2025 09-50-52] - DEBUG: (0x72FF) - Add 0x02 to VFF.
[UTC: 28-02-2025 09-50-52] - DEBUG: (0x1232) - Jump to 0x0232.
[UTC: 28-02-2025 09-50-52] - DEBUG: (0xF407) - Set V4 to delay timer(00).
[UTC: 28-02-2025 09-50-52] - DEBUG: (0xF407) - (NOT IMPLEMENTED).

[UTC: 28-02-2025 09-50-52] - DEBUG: (0x3400) - Skip next instruction if (V4(00) == 00)(true).
[UTC: 28-02-2025 09-50-52] - DEBUG: (0xA5E7) - Set I to 0x05E7.
[UTC: 28-02-2025 09-50-52] - DEBUG: (0xD012) - Draw sprite at (V0(0x08), V1(0x0D)). Width: 8 pixels. Height: 2 pixels. VF(0x00).
[UTC: 28-02-2025 09-50-52] - DEBUG: (0x640A) - Set V4 to 0x0A.
[UTC: 28-02-2025 09-50-52] - DEBUG: (0xF415) - Set delay timer to V4(0A).
[UTC: 28-02-2025 09-50-52] - DEBUG: (0xF415) - (NOT IMPLEMENTED).

[UTC: 28-02-2025 09-50-52] - DEBUG: (0x6401) - Set V4 to 0x01.
[UTC: 28-02-2025 09-50-52] - DEBUG: (0x8343) - Set V3 to V3(01) ^ V4(01).
[UTC: 28-02-2025 09-50-52] - DEBUG: (0x8343) - Skip next instruction if (V3(01) != V4(01))(false).
[UTC: 28-02-2025 09-50-52] - DEBUG: (0x640E) - Set V4 to 0x0E.
[UTC: 28-02-2025 09-50-52] - DEBUG: (0xE49E) - Skip next instruction if key V4(0E) is pressed.
[UTC: 28-02-2025 09-50-52] - DEBUG: (0xE49E) - (NOT IMPLEMENTED).

[UTC: 28-02-2025 09-50-52] - DEBUG: (0xE49E) - (NOT IMPLEMENTED).

[UTC: 28-02-2025 09-50-52] - DEBUG: (0x1252) - Jump to 0x0252.
[UTC: 28-02-2025 09-50-52] - DEBUG: (0x640F) - Set V4 to 0x0F.
[UTC: 28-02-2025 09-50-52] - DEBUG: (0xE49E) - Skip next instruction if key V4(0F) is pressed.
[UTC: 28-02-2025 09-50-52] - DEBUG: (0xE49E) - (NOT IMPLEMENTED).

[UTC: 28-02-2025 09-50-52] - DEBUG: (0xE49E) - (NOT IMPLEMENTED).

[UTC: 28-02-2025 09-50-52] - DEBUG: (0x1260) - Jump to 0x0260.
[UTC: 28-02-2025 09-50-52] - DEBUG: (0x8650) - Set V6 to V5(00).
[UTC: 28-02-2025 09-50-52] - DEBUG: (0x8650) - Skip next instruction if (V6(00) != V5(00))(false).
[UTC: 28-02-2025 09-50-52] - DEBUG: (0x640A) - Set V4 to 0x0A.
[UTC: 28-02-2025 09-50-52] - DEBUG: (0xE4A1) - Skip next instruction if key V4(0A) is not pressed.
[UTC: 28-02-2025 09-50-52] - DEBUG: (0xE4A1) - (NOT IMPLEMENTED).

[UTC: 28-02-2025 09-50-52] - DEBUG: (0xE4A1) - (NOT IMPLEMENTED).

[UTC: 28-02-2025 09-50-52] - DEBUG: (0x6400) - Set V4 to 0x00.
[UTC: 28-02-2025 09-50-52] - DEBUG: (0x7201) - Add 0x02 to V1.
[UTC: 28-02-2025 09-50-52] - DEBUG: (0x7401) - Add 0x04 to V1.
[UTC: 28-02-2025 09-50-52] - DEBUG: (0xE49E) - Skip next instruction if key V4(01) is pressed.
[UTC: 28-02-2025 09-50-52] - DEBUG: (0xE49E) - (NOT IMPLEMENTED).

[UTC: 28-02-2025 09-50-52] - DEBUG: (0xE49E) - (NOT IMPLEMENTED).

[UTC: 28-02-2025 09-50-52] - DEBUG: (0x1278) - Jump to 0x0278.
[UTC: 28-02-2025 09-50-52] - DEBUG: (0x5420) - Skip next instruction if (V4(01) == V2(02))(false).
[UTC: 28-02-2025 09-50-52] - DEBUG: (0x126C) - Jump to 0x026C.
[UTC: 28-02-2025 09-50-52] - DEBUG: (0x7401) - Add 0x04 to V1.
[UTC: 28-02-2025 09-50-52] - DEBUG: (0xE49E) - Skip next instruction if key V4(02) is pressed.
[UTC: 28-02-2025 09-50-52] - DEBUG: (0xE49E) - (NOT IMPLEMENTED).

[UTC: 28-02-2025 09-50-52] - DEBUG: (0xE49E) - (NOT IMPLEMENTED).

[UTC: 28-02-2025 09-50-52] - DEBUG: (0x8640) - Set V6 to V4(02).
[UTC: 28-02-2025 09-50-52] - DEBUG: (0x8640) - Skip next instruction if (V6(02) != V4(02))(false).
[UTC: 28-02-2025 09-50-52] - DEBUG: (0x76FF) - Add 0x06 to VFF.
[UTC: 28-02-2025 09-50-52] - DEBUG: (0x1280) - Jump to 0x0280.
[UTC: 28-02-2025 09-50-52] - DEBUG: (0x2202) - Call subroutine at address 0202.
[UTC: 28-02-2025 09-50-52] - DEBUG: (0x6000) - Set V0 to 0x00.
[UTC: 28-02-2025 09-50-52] - DEBUG: (0xE0A1) - Skip next instruction if key V0(00) is not pressed.
[UTC: 28-02-2025 09-50-52] - DEBUG: (0xE0A1) - (NOT IMPLEMENTED).

[UTC: 28-02-2025 09-50-52] - DEBUG: (0xE0A1) - (NOT IMPLEMENTED).

[UTC: 28-02-2025 09-50-52] - DEBUG: (0x7001) - Add 0x00 to V1.
[UTC: 28-02-2025 09-50-52] - DEBUG: (0x4010) - Skip next instruction if (V0(01) != 10)(true).
[UTC: 28-02-2025 09-50-52] - DEBUG: (0x1204) - Jump to 0x0204.
[UTC: 28-02-2025 09-50-52] - DEBUG: (0xE0A1) - Skip next instruction if key V0(01) is not pressed.
[UTC: 28-02-2025 09-50-52] - DEBUG: (0xE0A1) - (NOT IMPLEMENTED).

[UTC: 28-02-2025 09-50-52] - DEBUG: (0xE0A1) - (NOT IMPLEMENTED).

[UTC: 28-02-2025 09-50-52] - DEBUG: (0x7001) - Add 0x00 to V1.
[UTC: 28-02-2025 09-50-52] - DEBUG: (0x4010) - Skip next instruction if (V0(02) != 10)(true).
[UTC: 28-02-2025 09-50-52] - DEBUG: (0x1204) - Jump to 0x0204.
[UTC: 28-02-2025 09-50-52] - DEBUG: (0xE0A1) - Skip next instruction if key V0(02) is not pressed.
[UTC: 28-02-2025 09-50-52] - DEBUG: (0xE0A1) - (NOT IMPLEMENTED).

[UTC: 28-02-2025 09-50-52] - DEBUG: (0xE0A1) - (NOT IMPLEMENTED).

[UTC: 28-02-2025 09-50-52] - DEBUG: (0x1204) - Jump to 0x0204.
[UTC: 28-02-2025 09-50-52] - DEBUG: (0xE0A1) - Skip next instruction if key V0(02) is not pressed.
[UTC: 28-02-2025 09-50-52] - DEBUG: (0xE0A1) - (NOT IMPLEMENTED).

[UTC: 28-02-2025 09-50-52] - DEBUG: (0xE0A1) - (NOT IMPLEMENTED).

[UTC: 28-02-2025 09-50-52] - DEBUG: (0x1204) - Jump to 0x0204.
[UTC: 28-02-2025 09-50-52] - DEBUG: (0xE0A1) - Skip next instruction if key V0(02) is not pressed.
[UTC: 28-02-2025 09-50-52] - DEBUG: (0xE0A1) - (NOT IMPLEMENTED).

[UTC: 28-02-2025 09-50-52] - DEBUG: (0xE0A1) - (NOT IMPLEMENTED).

[UTC: 28-02-2025 09-50-52] - DEBUG: (0x1204) - Jump to 0x0204.
[UTC: 28-02-2025 09-50-52] - DEBUG: (0xE0A1) - Skip next instruction if key V0(02) is not pressed.
[UTC: 28-02-2025 09-50-52] - DEBUG: (0xE0A1) - (NOT IMPLEMENTED).

[UTC: 28-02-2025 09-50-52] - DEBUG: (0xE0A1) - (NOT IMPLEMENTED).

[UTC: 28-02-2025 09-50-52] - DEBUG: (0x1204) - Jump to 0x0204.
[UTC: 28-02-2025 09-50-52] - DEBUG: (0xE0A1) - Skip next instruction if key V0(02) is not pressed.
[UTC: 28-02-2025 09-50-52] - DEBUG: (0xE0A1) - (NOT IMPLEMENTED).

[UTC: 28-02-2025 09-50-52] - DEBUG: (0xE0A1) - (NOT IMPLEMENTED).

[UTC: 28-02-2025 09-50-53] - DEBUG: (0x1204) - Jump to 0x0204.
[UTC: 28-02-2025 09-50-53] - DEBUG: (0xE0A1) - Skip next instruction if key V0(02) is not pressed.
[UTC: 28-02-2025 09-50-53] - DEBUG: (0xE0A1) - (NOT IMPLEMENTED).

[UTC: 28-02-2025 09-50-53] - DEBUG: (0xE0A1) - (NOT IMPLEMENTED).

[UTC: 28-02-2025 09-50-53] - DEBUG: (0x7001) - Add 0x00 to V1.
[UTC: 28-02-2025 09-50-53] - DEBUG: (0x4010) - Skip next instruction if (V0(03) != 10)(true).
[UTC: 28-02-2025 09-50-53] - DEBUG: (0x1204) - Jump to 0x0204.
[UTC: 28-02-2025 09-50-53] - DEBUG: (0xE0A1) - Skip next instruction if key V0(03) is not pressed.
[UTC: 28-02-2025 09-50-53] - DEBUG: (0xE0A1) - (NOT IMPLEMENTED).

[UTC: 28-02-2025 09-50-53] - DEBUG: (0xE0A1) - (NOT IMPLEMENTED).

[UTC: 28-02-2025 09-50-53] - DEBUG: (0x7001) - Add 0x00 to V1.
[UTC: 28-02-2025 09-50-53] - DEBUG: (0x4010) - Skip next instruction if (V0(04) != 10)(true).
[UTC: 28-02-2025 09-50-53] - DEBUG: (0x1204) - Jump to 0x0204.
[UTC: 28-02-2025 09-50-53] - DEBUG: (0xE0A1) - Skip next instruction if key V0(04) is not pressed.
[UTC: 28-02-2025 09-50-53] - DEBUG: (0xE0A1) - (NOT IMPLEMENTED).

[UTC: 28-02-2025 09-50-53] - DEBUG: (0xE0A1) - (NOT IMPLEMENTED).

[UTC: 28-02-2025 09-50-53] - DEBUG: (0x7001) - Add 0x00 to V1.
[UTC: 28-02-2025 09-50-53] - DEBUG: (0x4010) - Skip next instruction if (V0(05) != 10)(true).
[UTC: 28-02-2025 09-50-53] - DEBUG: (0x1204) - Jump to 0x0204.
[UTC: 28-02-2025 09-50-53] - DEBUG: (0xE0A1) - Skip next instruction if key V0(05) is not pressed.
[UTC: 28-02-2025 09-50-53] - DEBUG: (0xE0A1) - (NOT IMPLEMENTED).

[UTC: 28-02-2025 09-50-53] - DEBUG: (0xE0A1) - (NOT IMPLEMENTED).

[UTC: 28-02-2025 09-50-53] - DEBUG: (0x7001) - Add 0x00 to V1.
[UTC: 28-02-2025 09-50-53] - DEBUG: (0x4010) - Skip next instruction if (V0(06) != 10)(true).
[UTC: 28-02-2025 09-50-53] - DEBUG: (0x1204) - Jump to 0x0204.
[UTC: 28-02-2025 09-50-53] - DEBUG: (0xE0A1) - Skip next instruction if key V0(06) is not pressed.
[UTC: 28-02-2025 09-50-53] - DEBUG: (0xE0A1) - (NOT IMPLEMENTED).

[UTC: 28-02-2025 09-50-53] - DEBUG: (0xE0A1) - (NOT IMPLEMENTED).

[UTC: 28-02-2025 09-50-53] - DEBUG: (0x7001) - Add 0x00 to V1.
[UTC: 28-02-2025 09-50-53] - DEBUG: (0x4010) - Skip next instruction if (V0(07) != 10)(true).
[UTC: 28-02-2025 09-50-53] - DEBUG: (0x1204) - Jump to 0x0204.
[UTC: 28-02-2025 09-50-53] - DEBUG: (0xE0A1) - Skip next instruction if key V0(07) is not pressed.
[UTC: 28-02-2025 09-50-53] - DEBUG: (0xE0A1) - (NOT IMPLEMENTED).

[UTC: 28-02-2025 09-50-53] - DEBUG: (0xE0A1) - (NOT IMPLEMENTED).

[UTC: 28-02-2025 09-50-53] - DEBUG: (0x7001) - Add 0x00 to V1.
[UTC: 28-02-2025 09-50-53] - DEBUG: (0x4010) - Skip next instruction if (V0(08) != 10)(true).
[UTC: 28-02-2025 09-50-53] - DEBUG: (0x1204) - Jump to 0x0204.
[UTC: 28-02-2025 09-50-53] - DEBUG: (0xE0A1) - Skip next instruction if key V0(08) is not pressed.
[UTC: 28-02-2025 09-50-53] - DEBUG: (0xE0A1) - (NOT IMPLEMENTED).

[UTC: 28-02-2025 09-50-53] - DEBUG: (0xE0A1) - (NOT IMPLEMENTED).

[UTC: 28-02-2025 09-50-53] - DEBUG: (0x7001) - Add 0x00 to V1.
[UTC: 28-02-2025 09-50-53] - DEBUG: (0x4010) - Skip next instruction if (V0(09) != 10)(true).
[UTC: 28-02-2025 09-50-53] - DEBUG: (0x1204) - Jump to 0x0204.
[UTC: 28-02-2025 09-50-53] - DEBUG: (0xE0A1) - Skip next instruction if key V0(09) is not pressed.
[UTC: 28-02-2025 09-50-53] - DEBUG: (0xE0A1) - (NOT IMPLEMENTED).

[UTC: 28-02-2025 09-50-53] - DEBUG: (0xE0A1) - (NOT IMPLEMENTED).

[UTC: 28-02-2025 09-50-53] - DEBUG: (0x7001) - Add 0x00 to V1.
[UTC: 28-02-2025 09-50-53] - DEBUG: (0x4010) - Skip next instruction if (V0(0A) != 10)(true).
[UTC: 28-02-2025 09-50-53] - DEBUG: (0x1204) - Jump to 0x0204.
[UTC: 28-02-2025 09-50-53] - DEBUG: (0xE0A1) - Skip next instruction if key V0(0A) is not pressed.
[UTC: 28-02-2025 09-50-53] - DEBUG: (0xE0A1) - (NOT IMPLEMENTED).

[UTC: 28-02-2025 09-50-53] - DEBUG: (0xE0A1) - (NOT IMPLEMENTED).

[UTC: 28-02-2025 09-50-53] - DEBUG: (0x7001) - Add 0x00 to V1.
[UTC: 28-02-2025 09-50-53] - DEBUG: (0x4010) - Skip next instruction if (V0(0B) != 10)(true).
[UTC: 28-02-2025 09-50-53] - DEBUG: (0x1204) - Jump to 0x0204.
[UTC: 28-02-2025 09-50-53] - DEBUG: (0xE0A1) - Skip next instruction if key V0(0B) is not pressed.
[UTC: 28-02-2025 09-50-53] - DEBUG: (0xE0A1) - (NOT IMPLEMENTED).

[UTC: 28-02-2025 09-50-53] - DEBUG: (0xE0A1) - (NOT IMPLEMENTED).

[UTC: 28-02-2025 09-50-53] - DEBUG: (0x7001) - Add 0x00 to V1.
[UTC: 28-02-2025 09-50-53] - DEBUG: (0x4010) - Skip next instruction if (V0(0C) != 10)(true).
[UTC: 28-02-2025 09-50-53] - DEBUG: (0x1204) - Jump to 0x0204.
[UTC: 28-02-2025 09-50-53] - DEBUG: (0xE0A1) - Skip next instruction if key V0(0C) is not pressed.
[UTC: 28-02-2025 09-50-53] - DEBUG: (0xE0A1) - (NOT IMPLEMENTED).

[UTC: 28-02-2025 09-50-53] - DEBUG: (0xE0A1) - (NOT IMPLEMENTED).

[UTC: 28-02-2025 09-50-53] - DEBUG: (0x7001) - Add 0x00 to V1.
[UTC: 28-02-2025 09-50-53] - DEBUG: (0x4010) - Skip next instruction if (V0(0D) != 10)(true).
[UTC: 28-02-2025 09-50-53] - DEBUG: (0x1204) - Jump to 0x0204.
[UTC: 28-02-2025 09-50-53] - DEBUG: (0xE0A1) - Skip next instruction if key V0(0D) is not pressed.
[UTC: 28-02-2025 09-50-53] - DEBUG: (0xE0A1) - (NOT IMPLEMENTED).

[UTC: 28-02-2025 09-50-53] - DEBUG: (0xE0A1) - (NOT IMPLEMENTED).

[UTC: 28-02-2025 09-50-53] - DEBUG: (0x7001) - Add 0x00 to V1.
[UTC: 28-02-2025 09-50-53] - DEBUG: (0x4010) - Skip next instruction if (V0(0E) != 10)(true).
[UTC: 28-02-2025 09-50-53] - DEBUG: (0x1204) - Jump to 0x0204.
[UTC: 28-02-2025 09-50-53] - DEBUG: (0xE0A1) - Skip next instruction if key V0(0E) is not pressed.
[UTC: 28-02-2025 09-50-53] - DEBUG: (0xE0A1) - (NOT IMPLEMENTED).

[UTC: 28-02-2025 09-50-53] - DEBUG: (0xE0A1) - (NOT IMPLEMENTED).

[UTC: 28-02-2025 09-50-53] - DEBUG: (0x7001) - Add 0x00 to V1.
[UTC: 28-02-2025 09-50-53] - DEBUG: (0x4010) - Skip next instruction if (V0(0F) != 10)(true).
[UTC: 28-02-2025 09-50-53] - DEBUG: (0x1204) - Jump to 0x0204.
[UTC: 28-02-2025 09-50-53] - DEBUG: (0xE0A1) - Skip next instruction if key V0(0F) is not pressed.
[UTC: 28-02-2025 09-50-53] - DEBUG: (0xE0A1) - (NOT IMPLEMENTED).

[UTC: 28-02-2025 09-50-53] - DEBUG: (0xE0A1) - (NOT IMPLEMENTED).

[UTC: 28-02-2025 09-50-53] - DEBUG: (0x7001) - Add 0x00 to V1.
[UTC: 28-02-2025 09-50-53] - DEBUG: (0x4010) - Skip next instruction if (V0(10) != 10)(false).
[UTC: 28-02-2025 09-50-53] - DEBUG: (0x00EE) - Return.
[UTC: 28-02-2025 09-50-53] - DEBUG: (0xA68B) - Set I to 0x068B.
[UTC: 28-02-2025 09-50-53] - DEBUG: (0xF61E) - Add V6(01) to I.
[UTC: 28-02-2025 09-50-53] - DEBUG: (0xF61E) - (NOT IMPLEMENTED).

[UTC: 28-02-2025 09-50-53] - DEBUG: (0xF61E) - Add V6(01) to I.
[UTC: 28-02-2025 09-50-53] - DEBUG: (0xF61E) - (NOT IMPLEMENTED).

[UTC: 28-02-2025 09-50-53] - DEBUG: (0xF61E) - Add V6(01) to I.
[UTC: 28-02-2025 09-50-53] - DEBUG: (0xF61E) - (NOT IMPLEMENTED).

[UTC: 28-02-2025 09-50-53] - DEBUG: (0xF61E) - Add V6(01) to I.
[UTC: 28-02-2025 09-50-53] - DEBUG: (0xF61E) - (NOT IMPLEMENTED).

[UTC: 28-02-2025 09-50-53] - DEBUG: (0x6402) - Set V4 to 0x02.
[UTC: 28-02-2025 09-50-53] - DEBUG: (0xF41E) - Add V4(02) to I.
[UTC: 28-02-2025 09-50-53] - DEBUG: (0xF41E) - (NOT IMPLEMENTED).

[UTC: 28-02-2025 09-50-53] - DEBUG: (0xF165) - Loading registers V0-V1 from memory starting at address I(0691).
[UTC: 28-02-2025 09-50-53] - DEBUG: (0xF165) - (NOT IMPLEMENTED).

[UTC: 28-02-2025 09-50-53] - DEBUG: (0x6410) - Set V4 to 0x10.
[UTC: 28-02-2025 09-50-53] - DEBUG: (0x8041) - Set V0 to V0(13) | V4(10).
[UTC: 28-02-2025 09-50-53] - DEBUG: (0x8041) - Skip next instruction if (V0(13) != V4(10))(true).
[UTC: 28-02-2025 09-50-53] - DEBUG: (0xF155) - Storing registers V0-V1 in memory starting at address I(0691).
[UTC: 28-02-2025 09-50-53] - DEBUG: (0xF155) - (NOT IMPLEMENTED).

[UTC: 28-02-2025 09-50-53] - DEBUG: (0x0000) - Call machine code routine(NOT IMPLEMENTED).
[UTC: 28-02-2025 09-50-53] - DEBUG: (0xFC65) - Loading registers V0-VC from memory starting at address I(0691).
[UTC: 28-02-2025 09-50-53] - DEBUG: (0xFC65) - (NOT IMPLEMENTED).

[UTC: 28-02-2025 09-50-53] - DEBUG: (0x2302) - Call subroutine at address 0302.
[UTC: 28-02-2025 09-50-53] - DEBUG: (0xA5EB) - Set I to 0x05EB.
[UTC: 28-02-2025 09-50-53] - DEBUG: (0xF01E) - Add V0(13) to I.
[UTC: 28-02-2025 09-50-53] - DEBUG: (0xF01E) - (NOT IMPLEMENTED).

[UTC: 28-02-2025 09-50-53] - DEBUG: (0xDDE4) - Draw sprite at (VD(0x30), VE(0x11)). Width: 8 pixels. Height: 4 pixels. VF(0x00).
[UTC: 28-02-2025 09-50-53] - DEBUG: (0x7D04) - Add 0x0D to V4.
[UTC: 28-02-2025 09-50-53] - DEBUG: (0x00EE) - Return.
[UTC: 28-02-2025 09-50-53] - DEBUG: (0x4100) - Skip next instruction if (V1(AE) != 00)(true).
[UTC: 28-02-2025 09-50-53] - DEBUG: (0x8010) - Set V0 to V1(AE).
[UTC: 28-02-2025 09-50-53] - DEBUG: (0x8010) - Skip next instruction if (V0(AE) != V1(AE))(false).
[UTC: 28-02-2025 09-50-53] - DEBUG: (0x2302) - Call subroutine at address 0302.
[UTC: 28-02-2025 09-50-53] - DEBUG: (0xA5EB) - Set I to 0x05EB.
[UTC: 28-02-2025 09-50-53] - DEBUG: (0xF01E) - Add V0(AE) to I.
[UTC: 28-02-2025 09-50-53] - DEBUG: (0xF01E) - (NOT IMPLEMENTED).

[UTC: 28-02-2025 09-50-53] - DEBUG: (0xDDE4) - Draw sprite at (VD(0x34), VE(0x11)). Width: 8 pixels. Height: 4 pixels. VF(0x00).
[UTC: 28-02-2025 09-50-53] - DEBUG: (0x7D04) - Add 0x0D to V4.
[UTC: 28-02-2025 09-50-53] - DEBUG: (0x00EE) - Return.
[UTC: 28-02-2025 09-50-53] - DEBUG: (0x4200) - Skip next instruction if (V2(68) != 00)(true).
[UTC: 28-02-2025 09-50-53] - DEBUG: (0x8020) - Set V0 to V2(68).
[UTC: 28-02-2025 09-50-53] - DEBUG: (0x8020) - Skip next instruction if (V0(68) != V2(68))(false).
[UTC: 28-02-2025 09-50-53] - DEBUG: (0x2302) - Call subroutine at address 0302.
[UTC: 28-02-2025 09-50-53] - DEBUG: (0xA5EB) - Set I to 0x05EB.
[UTC: 28-02-2025 09-50-53] - DEBUG: (0xF01E) - Add V0(68) to I.
[UTC: 28-02-2025 09-50-53] - DEBUG: (0xF01E) - (NOT IMPLEMENTED).

[UTC: 28-02-2025 09-50-53] - DEBUG: (0xDDE4) - Draw sprite at (VD(0x38), VE(0x11)). Width: 8 pixels. Height: 4 pixels. VF(0x01).
[UTC: 28-02-2025 09-50-53] - DEBUG: (0x7D04) - Add 0x0D to V4.
[UTC: 28-02-2025 09-50-53] - DEBUG: (0x00EE) - Return.
[UTC: 28-02-2025 09-50-53] - DEBUG: (0x4300) - Skip next instruction if (V3(4C) != 00)(true).
[UTC: 28-02-2025 09-50-53] - DEBUG: (0x8030) - Set V0 to V3(4C).
[UTC: 28-02-2025 09-50-53] - DEBUG: (0x8030) - Skip next instruction if (V0(4C) != V3(4C))(false).
[UTC: 28-02-2025 09-50-53] - DEBUG: (0x2302) - Call subroutine at address 0302.
[UTC: 28-02-2025 09-50-53] - DEBUG: (0xA5EB) - Set I to 0x05EB.
[UTC: 28-02-2025 09-50-53] - DEBUG: (0xF01E) - Add V0(4C) to I.
[UTC: 28-02-2025 09-50-53] - DEBUG: (0xF01E) - (NOT IMPLEMENTED).

[UTC: 28-02-2025 09-50-53] - DEBUG: (0xDDE4) - Draw sprite at (VD(0x3C), VE(0x11)). Width: 8 pixels. Height: 4 pixels. VF(0x00).
[UTC: 28-02-2025 09-50-53] - DEBUG: (0x7D04) - Add 0x0D to V4.
[UTC: 28-02-2025 09-50-53] - DEBUG: (0x00EE) - Return.
[UTC: 28-02-2025 09-50-53] - DEBUG: (0x4400) - Skip next instruction if (V4(34) != 00)(true).
[UTC: 28-02-2025 09-50-53] - DEBUG: (0x8040) - Set V0 to V4(34).
[UTC: 28-02-2025 09-50-53] - DEBUG: (0x8040) - Skip next instruction if (V0(34) != V4(34))(false).
[UTC: 28-02-2025 09-50-53] - DEBUG: (0x2302) - Call subroutine at address 0302.
[UTC: 28-02-2025 09-50-53] - DEBUG: (0xA5EB) - Set I to 0x05EB.
[UTC: 28-02-2025 09-50-53] - DEBUG: (0xF01E) - Add V0(34) to I.
[UTC: 28-02-2025 09-50-53] - DEBUG: (0xF01E) - (NOT IMPLEMENTED).

[UTC: 28-02-2025 09-50-53] - DEBUG: (0xDDE4) - Draw sprite at (VD(0x40), VE(0x11)). Width: 8 pixels. Height: 4 pixels. VF(0x00).
[UTC: 28-02-2025 09-50-53] - DEBUG: (0x7D04) - Add 0x0D to V4.
[UTC: 28-02-2025 09-50-53] - DEBUG: (0x00EE) - Return.
[UTC: 28-02-2025 09-50-53] - DEBUG: (0x4500) - Skip next instruction if (V5(54) != 00)(true).
[UTC: 28-02-2025 09-50-53] - DEBUG: (0x8050) - Set V0 to V5(54).
[UTC: 28-02-2025 09-50-53] - DEBUG: (0x8050) - Skip next instruction if (V0(54) != V5(54))(false).
[UTC: 28-02-2025 09-50-53] - DEBUG: (0x2302) - Call subroutine at address 0302.
[UTC: 28-02-2025 09-50-53] - DEBUG: (0xA5EB) - Set I to 0x05EB.
[UTC: 28-02-2025 09-50-53] - DEBUG: (0xF01E) - Add V0(54) to I.
[UTC: 28-02-2025 09-50-53] - DEBUG: (0xF01E) - (NOT IMPLEMENTED).

[UTC: 28-02-2025 09-50-53] - DEBUG: (0xDDE4) - Draw sprite at (VD(0x44), VE(0x11)). Width: 8 pixels. Height: 4 pixels. VF(0x00).
[UTC: 28-02-2025 09-50-53] - DEBUG: (0x7D04) - Add 0x0D to V4.
[UTC: 28-02-2025 09-50-53] - DEBUG: (0x00EE) - Return.
[UTC: 28-02-2025 09-50-53] - DEBUG: (0x4600) - Skip next instruction if (V6(94) != 00)(true).
[UTC: 28-02-2025 09-50-53] - DEBUG: (0x8060) - Set V0 to V6(94).
[UTC: 28-02-2025 09-50-53] - DEBUG: (0x8060) - Skip next instruction if (V0(94) != V6(94))(false).
[UTC: 28-02-2025 09-50-53] - DEBUG: (0x2302) - Call subroutine at address 0302.
[UTC: 28-02-2025 09-50-53] - DEBUG: (0xA5EB) - Set I to 0x05EB.
[UTC: 28-02-2025 09-50-53] - DEBUG: (0xF01E) - Add V0(94) to I.
[UTC: 28-02-2025 09-50-53] - DEBUG: (0xF01E) - (NOT IMPLEMENTED).

[UTC: 28-02-2025 09-50-53] - DEBUG: (0xDDE4) - Draw sprite at (VD(0x48), VE(0x11)). Width: 8 pixels. Height: 4 pixels. VF(0x00).
[UTC: 28-02-2025 09-50-53] - DEBUG: (0x7D04) - Add 0x0D to V4.
[UTC: 28-02-2025 09-50-53] - DEBUG: (0x00EE) - Return.
[UTC: 28-02-2025 09-50-53] - DEBUG: (0x4700) - Skip next instruction if (V7(68) != 00)(true).
[UTC: 28-02-2025 09-50-53] - DEBUG: (0x8070) - Set V0 to V7(68).
[UTC: 28-02-2025 09-50-53] - DEBUG: (0x8070) - Skip next instruction if (V0(68) != V7(68))(false).
[UTC: 28-02-2025 09-50-53] - DEBUG: (0x2302) - Call subroutine at address 0302.
[UTC: 28-02-2025 09-50-53] - DEBUG: (0xA5EB) - Set I to 0x05EB.
[UTC: 28-02-2025 09-50-53] - DEBUG: (0xF01E) - Add V0(68) to I.
[UTC: 28-02-2025 09-50-53] - DEBUG: (0xF01E) - (NOT IMPLEMENTED).

[UTC: 28-02-2025 09-50-53] - DEBUG: (0xDDE4) - Draw sprite at (VD(0x4C), VE(0x11)). Width: 8 pixels. Height: 4 pixels. VF(0x00).
[UTC: 28-02-2025 09-50-53] - DEBUG: (0x7D04) - Add 0x0D to V4.
[UTC: 28-02-2025 09-50-53] - DEBUG: (0x00EE) - Return.
[UTC: 28-02-2025 09-50-53] - DEBUG: (0x4800) - Skip next instruction if (V8(58) != 00)(true).
[UTC: 28-02-2025 09-50-53] - DEBUG: (0x8080) - Set V0 to V8(58).
[UTC: 28-02-2025 09-50-53] - DEBUG: (0x8080) - Skip next instruction if (V0(58) != V8(58))(false).
[UTC: 28-02-2025 09-50-53] - DEBUG: (0x2302) - Call subroutine at address 0302.
[UTC: 28-02-2025 09-50-53] - DEBUG: (0xA5EB) - Set I to 0x05EB.
[UTC: 28-02-2025 09-50-53] - DEBUG: (0xF01E) - Add V0(58) to I.
[UTC: 28-02-2025 09-50-53] - DEBUG: (0xF01E) - (NOT IMPLEMENTED).

[UTC: 28-02-2025 09-50-53] - DEBUG: (0xDDE4) - Draw sprite at (VD(0x50), VE(0x11)). Width: 8 pixels. Height: 4 pixels. VF(0x00).
[UTC: 28-02-2025 09-50-53] - DEBUG: (0x7D04) - Add 0x0D to V4.
[UTC: 28-02-2025 09-50-53] - DEBUG: (0x00EE) - Return.
[UTC: 28-02-2025 09-50-53] - DEBUG: (0x4900) - Skip next instruction if (V9(2C) != 00)(true).
[UTC: 28-02-2025 09-50-53] - DEBUG: (0x8090) - Set V0 to V9(2C).
[UTC: 28-02-2025 09-50-53] - DEBUG: (0x8090) - Skip next instruction if (V0(2C) != V9(2C))(false).
[UTC: 28-02-2025 09-50-53] - DEBUG: (0x2302) - Call subroutine at address 0302.
[UTC: 28-02-2025 09-50-53] - DEBUG: (0xA5EB) - Set I to 0x05EB.
[UTC: 28-02-2025 09-50-53] - DEBUG: (0xF01E) - Add V0(2C) to I.
[UTC: 28-02-2025 09-50-53] - DEBUG: (0xF01E) - (NOT IMPLEMENTED).

[UTC: 28-02-2025 09-50-53] - DEBUG: (0xDDE4) - Draw sprite at (VD(0x54), VE(0x11)). Width: 8 pixels. Height: 4 pixels. VF(0x00).
[UTC: 28-02-2025 09-50-53] - DEBUG: (0x7D04) - Add 0x0D to V4.
[UTC: 28-02-2025 09-50-53] - DEBUG: (0x00EE) - Return.
[UTC: 28-02-2025 09-50-53] - DEBUG: (0x4A00) - Skip next instruction if (VA(78) != 00)(true).
[UTC: 28-02-2025 09-50-53] - DEBUG: (0x80A0) - Set V0 to VA(78).
[UTC: 28-02-2025 09-50-53] - DEBUG: (0x80A0) - Skip next instruction if (V0(78) != VA(78))(false).
[UTC: 28-02-2025 09-50-53] - DEBUG: (0x2302) - Call subroutine at address 0302.
[UTC: 28-02-2025 09-50-53] - DEBUG: (0xA5EB) - Set I to 0x05EB.
[UTC: 28-02-2025 09-50-53] - DEBUG: (0xF01E) - Add V0(78) to I.
[UTC: 28-02-2025 09-50-53] - DEBUG: (0xF01E) - (NOT IMPLEMENTED).

[UTC: 28-02-2025 09-50-53] - DEBUG: (0xDDE4) - Draw sprite at (VD(0x58), VE(0x11)). Width: 8 pixels. Height: 4 pixels. VF(0x00).
[UTC: 28-02-2025 09-50-53] - DEBUG: (0x7D04) - Add 0x0D to V4.
[UTC: 28-02-2025 09-50-53] - DEBUG: (0x00EE) - Return.
[UTC: 28-02-2025 09-50-53] - DEBUG: (0x4B00) - Skip next instruction if (VB(40) != 00)(true).
[UTC: 28-02-2025 09-50-53] - DEBUG: (0x80B0) - Set V0 to VB(40).
[UTC: 28-02-2025 09-50-53] - DEBUG: (0x80B0) - Skip next instruction if (V0(40) != VB(40))(false).
[UTC: 28-02-2025 09-50-53] - DEBUG: (0x2302) - Call subroutine at address 0302.
[UTC: 28-02-2025 09-50-53] - DEBUG: (0xA5EB) - Set I to 0x05EB.
[UTC: 28-02-2025 09-50-53] - DEBUG: (0xF01E) - Add V0(40) to I.
[UTC: 28-02-2025 09-50-53] - DEBUG: (0xF01E) - (NOT IMPLEMENTED).

[UTC: 28-02-2025 09-50-53] - DEBUG: (0xDDE4) - Draw sprite at (VD(0x5C), VE(0x11)). Width: 8 pixels. Height: 4 pixels. VF(0x00).
[UTC: 28-02-2025 09-50-53] - DEBUG: (0x7D04) - Add 0x0D to V4.
[UTC: 28-02-2025 09-50-53] - DEBUG: (0x00EE) - Return.
[UTC: 28-02-2025 09-50-53] - DEBUG: (0x4C00) - Skip next instruction if (VC(64) != 00)(true).
[UTC: 28-02-2025 09-50-53] - DEBUG: (0x80C0) - Set V0 to VC(64).
[UTC: 28-02-2025 09-50-53] - DEBUG: (0x80C0) - Skip next instruction if (V0(64) != VC(64))(false).
[UTC: 28-02-2025 09-50-53] - DEBUG: (0x2302) - Call subroutine at address 0302.
[UTC: 28-02-2025 09-50-53] - DEBUG: (0xA5EB) - Set I to 0x05EB.
[UTC: 28-02-2025 09-50-53] - DEBUG: (0xF01E) - Add V0(64) to I.
[UTC: 28-02-2025 09-50-53] - DEBUG: (0xF01E) - (NOT IMPLEMENTED).

[UTC: 28-02-2025 09-50-53] - DEBUG: (0xDDE4) - Draw sprite at (VD(0x60), VE(0x11)). Width: 8 pixels. Height: 4 pixels. VF(0x00).
[UTC: 28-02-2025 09-50-53] - DEBUG: (0x7D04) - Add 0x0D to V4.
[UTC: 28-02-2025 09-50-53] - DEBUG: (0x00EE) - Return.
[UTC: 28-02-2025 09-50-53] - DEBUG: (0x00EE) - Return.
[UTC: 28-02-2025 09-50-53] - DEBUG: (0x0000) - Call machine code routine(NOT IMPLEMENTED).
[UTC: 28-02-2025 09-50-54] - DEBUG: (0x0000) - Call machine code routine(NOT IMPLEMENTED).
[UTC: 28-02-2025 09-50-54] - DEBUG: (0x0000) - Call machine code routine(NOT IMPLEMENTED).
[UTC: 28-02-2025 09-50-54] - DEBUG: (0x0000) - Call machine code routine(NOT IMPLEMENTED).
[UTC: 28-02-2025 09-50-54] - DEBUG: (0x0000) - Call machine code routine(NOT IMPLEMENTED).
[UTC: 28-02-2025 09-50-54] - DEBUG: (0x0000) - Call machine code routine(NOT IMPLEMENTED).
[UTC: 28-02-2025 09-50-54] - DEBUG: (0x0000) - Call machine code routine(NOT IMPLEMENTED).
[UTC: 28-02-2025 09-50-54] - DEBUG: (0x0000) - Call machine code routine(NOT IMPLEMENTED).
[UTC: 28-02-2025 09-50-54] - DEBUG: (0x0000) - Call machine code routine(NOT IMPLEMENTED).
[UTC: 28-02-2025 09-50-54] - DEBUG: (0x0000) - Call machine code routine(NOT IMPLEMENTED).
[UTC: 28-02-2025 09-50-54] - DEBUG: (0x0000) - Call machine code routine(NOT IMPLEMENTED).
[UTC: 28-02-2025 09-50-54] - DEBUG: (0x0000) - Call machine code routine(NOT IMPLEMENTED).
[UTC: 28-02-2025 09-50-54] - DEBUG: (0x0000) - Call machine code routine(NOT IMPLEMENTED).
[UTC: 28-02-2025 09-50-54] - DEBUG: (0x0000) - Call machine code routine(NOT IMPLEMENTED).
[UTC: 28-02-2025 09-50-54] - DEBUG: (0x0000) - Call machine code routine(NOT IMPLEMENTED).
[UTC: 28-02-2025 09-50-54] - DEBUG: (0x0000) - Call machine code routine(NOT IMPLEMENTED).
[UTC: 28-02-2025 09-50-54] - DEBUG: (0x0000) - Call machine code routine(NOT IMPLEMENTED).
[UTC: 28-02-2025 09-50-54] - DEBUG: (0x0000) - Call machine code routine(NOT IMPLEMENTED).
[UTC: 28-02-2025 09-50-54] - DEBUG: (0x0000) - Call machine code routine(NOT IMPLEMENTED).
[UTC: 28-02-2025 09-50-54] - DEBUG: (0x0000) - Call machine code routine(NOT IMPLEMENTED).
[UTC: 28-02-2025 09-50-54] - DEBUG: (0x0000) - Call machine code routine(NOT IMPLEMENTED).
[UTC: 28-02-2025 09-50-54] - DEBUG: (0x0000) - Call machine code routine(NOT IMPLEMENTED).
[UTC: 28-02-2025 09-50-54] - DEBUG: (0x0000) - Call machine code routine(NOT IMPLEMENTED).
[UTC: 28-02-2025 09-50-54] - DEBUG: (0x0000) - Call machine code routine(NOT IMPLEMENTED).
[UTC: 28-02-2025 09-50-54] - DEBUG: (0x0000) - Call machine code routine(NOT IMPLEMENTED).
[UTC: 28-02-2025 09-50-54] - DEBUG: (0x0000) - Call machine code routine(NOT IMPLEMENTED).
[UTC: 28-02-2025 09-50-54] - DEBUG: (0x0000) - Call machine code routine(NOT IMPLEMENTED).
[UTC: 28-02-2025 09-50-54] - DEBUG: (0x0000) - Call machine code routine(NOT IMPLEMENTED).
[UTC: 28-02-2025 09-50-54] - DEBUG: (0x0000) - Call machine code routine(NOT IMPLEMENTED).
[UTC: 28-02-2025 09-50-54] - DEBUG: (0x0000) - Call machine code routine(NOT IMPLEMENTED).
[UTC: 28-02-2025 09-50-54] - DEBUG: (0x0000) - Call machine code routine(NOT IMPLEMENTED).
[UTC: 28-02-2025 09-50-54] - DEBUG: (0x0000) - Call machine code routine(NOT IMPLEMENTED).
[UTC: 28-02-2025 09-50-54] - DEBUG: (0x0000) - Call machine code routine(NOT IMPLEMENTED).
[UTC: 28-02-2025 09-50-54] - DEBUG: (0x0000) - Call machine code routine(NOT IMPLEMENTED).
[UTC: 28-02-2025 09-50-54] - DEBUG: (0x0000) - Call machine code routine(NOT IMPLEMENTED).
[UTC: 28-02-2025 09-50-54] - DEBUG: (0x0000) - Call machine code routine(NOT IMPLEMENTED).
[UTC: 28-02-2025 09-50-54] - DEBUG: (0x0000) - Call machine code routine(NOT IMPLEMENTED).
[UTC: 28-02-2025 09-50-54] - DEBUG: (0x0000) - Call machine code routine(NOT IMPLEMENTED).
[UTC: 28-02-2025 09-50-54] - DEBUG: (0x0000) - Call machine code routine(NOT IMPLEMENTED).
[UTC: 28-02-2025 09-50-54] - DEBUG: (0x0000) - Call machine code routine(NOT IMPLEMENTED).
[UTC: 28-02-2025 09-50-54] - DEBUG: (0xF090) - (NOT IMPLEMENTED).

[UTC: 28-02-2025 09-50-54] - DEBUG: (0xF090) - (NOT IMPLEMENTED).

[UTC: 28-02-2025 09-50-54] - DEBUG: (0x9090) - Skip next instruction if (V0(64) != V9(2C))(true).
[UTC: 28-02-2025 09-50-54] - DEBUG: (0x6020) - Set V0 to 0x20.
[UTC: 28-02-2025 09-50-54] - DEBUG: (0x2070) - Call subroutine at address 0070.
[UTC: 28-02-2025 09-50-54] - DEBUG: (0xF090) - (NOT IMPLEMENTED).

[UTC: 28-02-2025 09-50-54] - DEBUG: (0xF090) - (NOT IMPLEMENTED).

[UTC: 28-02-2025 09-50-54] - DEBUG: (0xF0F0) - (NOT IMPLEMENTED).

[UTC: 28-02-2025 09-50-54] - DEBUG: (0xF0F0) - (NOT IMPLEMENTED).

[UTC: 28-02-2025 09-50-54] - DEBUG: (0x1020) - Jump to 0x0020.
[UTC: 28-02-2025 09-50-54] - DEBUG: (0x0000) - Call machine code routine(NOT IMPLEMENTED).
[UTC: 28-02-2025 09-50-54] - DEBUG: (0x0000) - Call machine code routine(NOT IMPLEMENTED).
[UTC: 28-02-2025 09-50-54] - DEBUG: (0x0000) - Call machine code routine(NOT IMPLEMENTED).
[UTC: 28-02-2025 09-50-54] - DEBUG: (0x0000) - Call machine code routine(NOT IMPLEMENTED).
[UTC: 28-02-2025 09-50-54] - DEBUG: (0x0000) - Call machine code routine(NOT IMPLEMENTED).
[UTC: 28-02-2025 09-50-54] - DEBUG: (0x0000) - Call machine code routine(NOT IMPLEMENTED).
[UTC: 28-02-2025 09-50-54] - DEBUG: (0x0000) - Call machine code routine(NOT IMPLEMENTED).
[UTC: 28-02-2025 09-50-54] - DEBUG: (0x0000) - Call machine code routine(NOT IMPLEMENTED).
[UTC: 28-02-2025 09-50-54] - DEBUG: (0x0000) - Call machine code routine(NOT IMPLEMENTED).
[UTC: 28-02-2025 09-50-54] - DEBUG: (0x0000) - Call machine code routine(NOT IMPLEMENTED).
[UTC: 28-02-2025 09-50-54] - DEBUG: (0x0000) - Call machine code routine(NOT IMPLEMENTED).
[UTC: 28-02-2025 09-50-54] - DEBUG: (0x0000) - Call machine code routine(NOT IMPLEMENTED).
[UTC: 28-02-2025 09-50-54] - DEBUG: (0x0000) - Call machine code routine(NOT IMPLEMENTED).
[UTC: 28-02-2025 09-50-54] - DEBUG: (0x0000) - Call machine code routine(NOT IMPLEMENTED).
[UTC: 28-02-2025 09-50-54] - DEBUG: (0x0000) - Call machine code routine(NOT IMPLEMENTED).
[UTC: 28-02-2025 09-50-54] - DEBUG: (0x0000) - Call machine code routine(NOT IMPLEMENTED).
[UTC: 28-02-2025 09-50-54] - DEBUG: (0x0000) - Call machine code routine(NOT IMPLEMENTED).
[UTC: 28-02-2025 09-50-54] - DEBUG: (0x0000) - Call machine code routine(NOT IMPLEMENTED).
[UTC: 28-02-2025 09-50-54] - DEBUG: (0x0000) - Call machine code routine(NOT IMPLEMENTED).
[UTC: 28-02-2025 09-50-54] - DEBUG: (0x0000) - Call machine code routine(NOT IMPLEMENTED).
[UTC: 28-02-2025 09-50-54] - DEBUG: (0x0000) - Call machine code routine(NOT IMPLEMENTED).
[UTC: 28-02-2025 09-50-54] - DEBUG: (0x0000) - Call machine code routine(NOT IMPLEMENTED).
[UTC: 28-02-2025 09-50-54] - DEBUG: (0x0000) - Call machine code routine(NOT IMPLEMENTED).
[UTC: 28-02-2025 09-50-54] - DEBUG: (0x0000) - Call machine code routine(NOT IMPLEMENTED).
[UTC: 28-02-2025 09-50-54] - DEBUG: (0xF090) - (NOT IMPLEMENTED).

[UTC: 28-02-2025 09-50-54] - DEBUG: (0xF090) - (NOT IMPLEMENTED).

[UTC: 28-02-2025 09-50-54] - DEBUG: (0x9090) - Skip next instruction if (V0(20) != V9(2C))(true).
[UTC: 28-02-2025 09-50-54] - DEBUG: (0x6020) - Set V0 to 0x20.
[UTC: 28-02-2025 09-50-54] - DEBUG: (0x2070) - Call subroutine at address 0070.
[UTC: 28-02-2025 09-50-54] - DEBUG: (0xF090) - (NOT IMPLEMENTED).

[UTC: 28-02-2025 09-50-54] - DEBUG: (0xF090) - (NOT IMPLEMENTED).

[UTC: 28-02-2025 09-50-54] - DEBUG: (0xF0F0) - (NOT IMPLEMENTED).

[UTC: 28-02-2025 09-50-54] - DEBUG: (0xF0F0) - (NOT IMPLEMENTED).

[UTC: 28-02-2025 09-50-54] - DEBUG: (0x1020) - Jump to 0x0020.
[UTC: 28-02-2025 09-50-54] - DEBUG: (0x0000) - Call machine code routine(NOT IMPLEMENTED).
[UTC: 28-02-2025 09-50-54] - DEBUG: (0x0000) - Call machine code routine(NOT IMPLEMENTED).
[UTC: 28-02-2025 09-50-54] - DEBUG: (0x0000) - Call machine code routine(NOT IMPLEMENTED).
[UTC: 28-02-2025 09-50-54] - DEBUG: (0x0000) - Call machine code routine(NOT IMPLEMENTED).
[UTC: 28-02-2025 09-50-54] - DEBUG: (0x0000) - Call machine code routine(NOT IMPLEMENTED).
[UTC: 28-02-2025 09-50-54] - DEBUG: (0x0000) - Call machine code routine(NOT IMPLEMENTED).
[UTC: 28-02-2025 09-50-54] - DEBUG: (0x0000) - Call machine code routine(NOT IMPLEMENTED).
[UTC: 28-02-2025 09-50-54] - DEBUG: (0x0000) - Call machine code routine(NOT IMPLEMENTED).
[UTC: 28-02-2025 09-50-54] - DEBUG: (0x0000) - Call machine code routine(NOT IMPLEMENTED).
[UTC: 28-02-2025 09-50-54] - DEBUG: (0x0000) - Call machine code routine(NOT IMPLEMENTED).
[UTC: 28-02-2025 09-50-54] - DEBUG: (0x0000) - Call machine code routine(NOT IMPLEMENTED).
[UTC: 28-02-2025 09-50-54] - DEBUG: (0x0000) - Call machine code routine(NOT IMPLEMENTED).
[UTC: 28-02-2025 09-50-54] - DEBUG: (0x0000) - Call machine code routine(NOT IMPLEMENTED).
[UTC: 28-02-2025 09-50-54] - DEBUG: (0x0000) - Call machine code routine(NOT IMPLEMENTED).
[UTC: 28-02-2025 09-50-54] - DEBUG: (0x0000) - Call machine code routine(NOT IMPLEMENTED).
[UTC: 28-02-2025 09-50-54] - DEBUG: (0x0000) - Call machine code routine(NOT IMPLEMENTED).
[UTC: 28-02-2025 09-50-54] - DEBUG: (0x0000) - Call machine code routine(NOT IMPLEMENTED).
[UTC: 28-02-2025 09-50-54] - DEBUG: (0x0000) - Call machine code routine(NOT IMPLEMENTED).
[UTC: 28-02-2025 09-50-54] - DEBUG: (0x0000) - Call machine code routine(NOT IMPLEMENTED).
[UTC: 28-02-2025 09-50-54] - DEBUG: (0x0000) - Call machine code routine(NOT IMPLEMENTED).
[UTC: 28-02-2025 09-50-54] - DEBUG: (0x0000) - Call machine code routine(NOT IMPLEMENTED).
[UTC: 28-02-2025 09-50-54] - DEBUG: (0x0000) - Call machine code routine(NOT IMPLEMENTED).
[UTC: 28-02-2025 09-50-54] - DEBUG: (0x0000) - Call machine code routine(NOT IMPLEMENTED).
[UTC: 28-02-2025 09-50-54] - DEBUG: (0x0000) - Call machine code routine(NOT IMPLEMENTED).
[UTC: 28-02-2025 09-50-54] - DEBUG: (0xF090) - (NOT IMPLEMENTED).

[UTC: 28-02-2025 09-50-54] - DEBUG: (0xF090) - (NOT IMPLEMENTED).

[UTC: 28-02-2025 09-50-54] - DEBUG: (0x9090) - Skip next instruction if (V0(20) != V9(2C))(true).
[UTC: 28-02-2025 09-50-54] - DEBUG: (0x6020) - Set V0 to 0x20.
[UTC: 28-02-2025 09-50-54] - DEBUG: (0x2070) - Call subroutine at address 0070.
[UTC: 28-02-2025 09-50-54] - DEBUG: (0xF090) - (NOT IMPLEMENTED).

[UTC: 28-02-2025 09-50-54] - DEBUG: (0xF090) - (NOT IMPLEMENTED).

[UTC: 28-02-2025 09-50-54] - DEBUG: (0xF0F0) - (NOT IMPLEMENTED).

[UTC: 28-02-2025 09-50-54] - DEBUG: (0xF0F0) - (NOT IMPLEMENTED).

[UTC: 28-02-2025 09-50-54] - DEBUG: (0x1020) - Jump to 0x0020.
[UTC: 28-02-2025 09-50-54] - DEBUG: (0x0000) - Call machine code routine(NOT IMPLEMENTED).
[UTC: 28-02-2025 09-50-54] - DEBUG: (0x0000) - Call machine code routine(NOT IMPLEMENTED).
[UTC: 28-02-2025 09-50-54] - DEBUG: (0x0000) - Call machine code routine(NOT IMPLEMENTED).
[UTC: 28-02-2025 09-50-54] - DEBUG: (0x0000) - Call machine code routine(NOT IMPLEMENTED).
[UTC: 28-02-2025 09-50-54] - DEBUG: (0x0000) - Call machine code routine(NOT IMPLEMENTED).
[UTC: 28-02-2025 09-50-54] - DEBUG: (0x0000) - Call machine code routine(NOT IMPLEMENTED).
[UTC: 28-02-2025 09-50-54] - DEBUG: (0x0000) - Call machine code routine(NOT IMPLEMENTED).
[UTC: 28-02-2025 09-50-54] - DEBUG: (0x0000) - Call machine code routine(NOT IMPLEMENTED).
[UTC: 28-02-2025 09-50-54] - DEBUG: (0x0000) - Call machine code routine(NOT IMPLEMENTED).
[UTC: 28-02-2025 09-50-54] - DEBUG: (0x0000) - Call machine code routine(NOT IMPLEMENTED).
[UTC: 28-02-2025 09-50-54] - DEBUG: (0x0000) - Call machine code routine(NOT IMPLEMENTED).
[UTC: 28-02-2025 09-50-54] - DEBUG: (0x0000) - Call machine code routine(NOT IMPLEMENTED).
[UTC: 28-02-2025 09-50-54] - DEBUG: (0x0000) - Call machine code routine(NOT IMPLEMENTED).
[UTC: 28-02-2025 09-50-54] - DEBUG: (0x0000) - Call machine code routine(NOT IMPLEMENTED).
[UTC: 28-02-2025 09-50-54] - DEBUG: (0x0000) - Call machine code routine(NOT IMPLEMENTED).
[UTC: 28-02-2025 09-50-54] - DEBUG: (0x0000) - Call machine code routine(NOT IMPLEMENTED).
[UTC: 28-02-2025 09-50-54] - DEBUG: (0x0000) - Call machine code routine(NOT IMPLEMENTED).
[UTC: 28-02-2025 09-50-54] - DEBUG: (0x0000) - Call machine code routine(NOT IMPLEMENTED).
[UTC: 28-02-2025 09-50-54] - DEBUG: (0x0000) - Call machine code routine(NOT IMPLEMENTED).
[UTC: 28-02-2025 09-50-54] - DEBUG: (0x0000) - Call machine code routine(NOT IMPLEMENTED).
[UTC: 28-02-2025 09-50-54] - DEBUG: (0x0000) - Call machine code routine(NOT IMPLEMENTED).
[UTC: 28-02-2025 09-50-54] - DEBUG: (0x0000) - Call machine code routine(NOT IMPLEMENTED).
[UTC: 28-02-2025 09-50-54] - DEBUG: (0x0000) - Call machine code routine(NOT IMPLEMENTED).
[UTC: 28-02-2025 09-50-54] - DEBUG: (0x0000) - Call machine code routine(NOT IMPLEMENTED).
[UTC: 28-02-2025 09-50-54] - DEBUG: (0xF090) - (NOT IMPLEMENTED).

[UTC: 28-02-2025 09-50-54] - DEBUG: (0xF090) - (NOT IMPLEMENTED).

[UTC: 28-02-2025 09-50-54] - DEBUG: (0x9090) - Skip next instruction if (V0(20) != V9(2C))(true).
[UTC: 28-02-2025 09-50-54] - DEBUG: (0x6020) - Set V0 to 0x20.
[UTC: 28-02-2025 09-50-54] - DEBUG: (0x2070) - Call subroutine at address 0070.
[UTC: 28-02-2025 09-50-54] - DEBUG: (0xF090) - (NOT IMPLEMENTED).

[UTC: 28-02-2025 09-50-54] - DEBUG: (0xF090) - (NOT IMPLEMENTED).

[UTC: 28-02-2025 09-50-54] - DEBUG: (0xF0F0) - (NOT IMPLEMENTED).

[UTC: 28-02-2025 09-50-54] - DEBUG: (0xF0F0) - (NOT IMPLEMENTED).

[UTC: 28-02-2025 09-50-54] - DEBUG: (0x1020) - Jump to 0x0020.
[UTC: 28-02-2025 09-50-54] - DEBUG: (0x0000) - Call machine code routine(NOT IMPLEMENTED).
[UTC: 28-02-2025 09-50-54] - DEBUG: (0x0000) - Call machine code routine(NOT IMPLEMENTED).
[UTC: 28-02-2025 09-50-54] - DEBUG: (0x0000) - Call machine code routine(NOT IMPLEMENTED).
[UTC: 28-02-2025 09-50-54] - DEBUG: (0x0000) - Call machine code routine(NOT IMPLEMENTED).
[UTC: 28-02-2025 09-50-54] - DEBUG: (0x0000) - Call machine code routine(NOT IMPLEMENTED).
[UTC: 28-02-2025 09-50-54] - DEBUG: (0x0000) - Call machine code routine(NOT IMPLEMENTED).
[UTC: 28-02-2025 09-50-54] - DEBUG: (0x0000) - Call machine code routine(NOT IMPLEMENTED).
[UTC: 28-02-2025 09-50-54] - DEBUG: (0x0000) - Call machine code routine(NOT IMPLEMENTED).
[UTC: 28-02-2025 09-50-54] - DEBUG: (0x0000) - Call machine code routine(NOT IMPLEMENTED).
[UTC: 28-02-2025 09-50-54] - DEBUG: (0x0000) - Call machine code routine(NOT IMPLEMENTED).
[UTC: 28-02-2025 09-50-54] - DEBUG: (0x0000) - Call machine code routine(NOT IMPLEMENTED).
[UTC: 28-02-2025 09-50-54] - DEBUG: (0x0000) - Call machine code routine(NOT IMPLEMENTED).
[UTC: 28-02-2025 09-50-54] - DEBUG: (0x0000) - Call machine code routine(NOT IMPLEMENTED).
[UTC: 28-02-2025 09-50-54] - DEBUG: (0x0000) - Call machine code routine(NOT IMPLEMENTED).
[UTC: 28-02-2025 09-50-54] - DEBUG: (0x0000) - Call machine code routine(NOT IMPLEMENTED).
[UTC: 28-02-2025 09-50-54] - DEBUG: (0x0000) - Call machine code routine(NOT IMPLEMENTED).
[UTC: 28-02-2025 09-50-54] - DEBUG: (0x0000) - Call machine code routine(NOT IMPLEMENTED).
[UTC: 28-02-2025 09-50-54] - DEBUG: (0x0000) - Call machine code routine(NOT IMPLEMENTED).
[UTC: 28-02-2025 09-50-54] - DEBUG: (0x0000) - Call machine code routine(NOT IMPLEMENTED).
[UTC: 28-02-2025 09-50-54] - DEBUG: (0x0000) - Call machine code routine(NOT IMPLEMENTED).
[UTC: 28-02-2025 09-50-54] - DEBUG: (0x0000) - Call machine code routine(NOT IMPLEMENTED).
[UTC: 28-02-2025 09-50-54] - DEBUG: (0x0000) - Call machine code routine(NOT IMPLEMENTED).
[UTC: 28-02-2025 09-50-54] - DEBUG: (0x0000) - Call machine code routine(NOT IMPLEMENTED).
[UTC: 28-02-2025 09-50-54] - DEBUG: (0x0000) - Call machine code routine(NOT IMPLEMENTED).
[UTC: 28-02-2025 09-50-54] - DEBUG: (0xF090) - (NOT IMPLEMENTED).

[UTC: 28-02-2025 09-50-54] - DEBUG: (0xF090) - (NOT IMPLEMENTED).

[UTC: 28-02-2025 09-50-54] - DEBUG: (0x9090) - Skip next instruction if (V0(20) != V9(2C))(true).
[UTC: 28-02-2025 09-50-54] - DEBUG: (0x6020) - Set V0 to 0x20.
[UTC: 28-02-2025 09-50-54] - DEBUG: (0x2070) - Call subroutine at address 0070.
[UTC: 28-02-2025 09-50-54] - DEBUG: (0xF090) - (NOT IMPLEMENTED).

[UTC: 28-02-2025 09-50-54] - DEBUG: (0xF090) - (NOT IMPLEMENTED).

[UTC: 28-02-2025 09-50-54] - DEBUG: (0xF0F0) - (NOT IMPLEMENTED).

[UTC: 28-02-2025 09-50-54] - DEBUG: (0xF0F0) - (NOT IMPLEMENTED).

[UTC: 28-02-2025 09-50-54] - DEBUG: (0x1020) - Jump to 0x0020.
[UTC: 28-02-2025 09-50-54] - DEBUG: (0x0000) - Call machine code routine(NOT IMPLEMENTED).
[UTC: 28-02-2025 09-50-54] - DEBUG: (0x0000) - Call machine code routine(NOT IMPLEMENTED).
[UTC: 28-02-2025 09-50-54] - DEBUG: (0x0000) - Call machine code routine(NOT IMPLEMENTED).
[UTC: 28-02-2025 09-50-54] - DEBUG: (0x0000) - Call machine code routine(NOT IMPLEMENTED).
[UTC: 28-02-2025 09-50-55] - DEBUG: (0x0000) - Call machine code routine(NOT IMPLEMENTED).
[UTC: 28-02-2025 09-50-55] - DEBUG: (0x0000) - Call machine code routine(NOT IMPLEMENTED).
[UTC: 28-02-2025 09-50-55] - DEBUG: (0x0000) - Call machine code routine(NOT IMPLEMENTED).
[UTC: 28-02-2025 09-50-55] - DEBUG: (0x0000) - Call machine code routine(NOT IMPLEMENTED).
[UTC: 28-02-2025 09-50-55] - DEBUG: (0x0000) - Call machine code routine(NOT IMPLEMENTED).
[UTC: 28-02-2025 09-50-55] - DEBUG: (0x0000) - Call machine code routine(NOT IMPLEMENTED).
[UTC: 28-02-2025 09-50-55] - DEBUG: (0x0000) - Call machine code routine(NOT IMPLEMENTED).
[UTC: 28-02-2025 09-50-55] - DEBUG: (0x0000) - Call machine code routine(NOT IMPLEMENTED).
[UTC: 28-02-2025 09-50-55] - DEBUG: (0x0000) - Call machine code routine(NOT IMPLEMENTED).
[UTC: 28-02-2025 09-50-55] - DEBUG: (0x0000) - Call machine code routine(NOT IMPLEMENTED).
[UTC: 28-02-2025 09-50-55] - DEBUG: (0x0000) - Call machine code routine(NOT IMPLEMENTED).
[UTC: 28-02-2025 09-50-55] - DEBUG: (0x0000) - Call machine code routine(NOT IMPLEMENTED).
[UTC: 28-02-2025 09-50-55] - DEBUG: (0x0000) - Call machine code routine(NOT IMPLEMENTED).
[UTC: 28-02-2025 09-50-55] - DEBUG: (0x0000) - Call machine code routine(NOT IMPLEMENTED).
[UTC: 28-02-2025 09-50-55] - DEBUG: (0x0000) - Call machine code routine(NOT IMPLEMENTED).
[UTC: 28-02-2025 09-50-55] - DEBUG: (0x0000) - Call machine code routine(NOT IMPLEMENTED).
[UTC: 28-02-2025 09-50-55] - DEBUG: (0x0000) - Call machine code routine(NOT IMPLEMENTED).
[UTC: 28-02-2025 09-50-55] - DEBUG: (0x0000) - Call machine code routine(NOT IMPLEMENTED).
[UTC: 28-02-2025 09-50-55] - DEBUG: (0x0000) - Call machine code routine(NOT IMPLEMENTED).
[UTC: 28-02-2025 09-50-55] - DEBUG: (0x0000) - Call machine code routine(NOT IMPLEMENTED).
[UTC: 28-02-2025 09-50-55] - DEBUG: (0xF090) - (NOT IMPLEMENTED).

[UTC: 28-02-2025 09-50-55] - DEBUG: (0xF090) - (NOT IMPLEMENTED).

[UTC: 28-02-2025 09-50-55] - DEBUG: (0x9090) - Skip next instruction if (V0(20) != V9(2C))(true).
[UTC: 28-02-2025 09-50-55] - DEBUG: (0x6020) - Set V0 to 0x20.
[UTC: 28-02-2025 09-50-55] - DEBUG: (0x2070) - Call subroutine at address 0070.
[UTC: 28-02-2025 09-50-55] - DEBUG: (0xF090) - (NOT IMPLEMENTED).

[UTC: 28-02-2025 09-50-55] - DEBUG: (0xF090) - (NOT IMPLEMENTED).

[UTC: 28-02-2025 09-50-55] - DEBUG: (0xF0F0) - (NOT IMPLEMENTED).

[UTC: 28-02-2025 09-50-55] - DEBUG: (0xF0F0) - (NOT IMPLEMENTED).

[UTC: 28-02-2025 09-50-55] - DEBUG: (0x1020) - Jump to 0x0020.
[UTC: 28-02-2025 09-50-55] - DEBUG: (0x0000) - Call machine code routine(NOT IMPLEMENTED).
[UTC: 28-02-2025 09-50-55] - DEBUG: (0x0000) - Call machine code routine(NOT IMPLEMENTED).
[UTC: 28-02-2025 09-50-55] - DEBUG: (0x0000) - Call machine code routine(NOT IMPLEMENTED).
[UTC: 28-02-2025 09-50-55] - DEBUG: (0x0000) - Call machine code routine(NOT IMPLEMENTED).
[UTC: 28-02-2025 09-50-55] - DEBUG: (0x0000) - Call machine code routine(NOT IMPLEMENTED).
[UTC: 28-02-2025 09-50-55] - DEBUG: (0x0000) - Call machine code routine(NOT IMPLEMENTED).
[UTC: 28-02-2025 09-50-55] - DEBUG: (0x0000) - Call machine code routine(NOT IMPLEMENTED).
[UTC: 28-02-2025 09-50-55] - DEBUG: (0x0000) - Call machine code routine(NOT IMPLEMENTED).
[UTC: 28-02-2025 09-50-55] - DEBUG: (0x0000) - Call machine code routine(NOT IMPLEMENTED).
[UTC: 28-02-2025 09-50-55] - DEBUG: (0x0000) - Call machine code routine(NOT IMPLEMENTED).
[UTC: 28-02-2025 09-50-55] - DEBUG: (0x0000) - Call machine code routine(NOT IMPLEMENTED).
[UTC: 28-02-2025 09-50-55] - DEBUG: (0x0000) - Call machine code routine(NOT IMPLEMENTED).
[UTC: 28-02-2025 09-50-55] - DEBUG: (0x0000) - Call machine code routine(NOT IMPLEMENTED).
[UTC: 28-02-2025 09-50-55] - DEBUG: (0x0000) - Call machine code routine(NOT IMPLEMENTED).
[UTC: 28-02-2025 09-50-55] - DEBUG: (0x0000) - Call machine code routine(NOT IMPLEMENTED).
[UTC: 28-02-2025 09-50-55] - DEBUG: (0x0000) - Call machine code routine(NOT IMPLEMENTED).
[UTC: 28-02-2025 09-50-55] - DEBUG: (0x0000) - Call machine code routine(NOT IMPLEMENTED).
[UTC: 28-02-2025 09-50-55] - DEBUG: (0x0000) - Call machine code routine(NOT IMPLEMENTED).
[UTC: 28-02-2025 09-50-55] - DEBUG: (0x0000) - Call machine code routine(NOT IMPLEMENTED).
[UTC: 28-02-2025 09-50-55] - DEBUG: (0x0000) - Call machine code routine(NOT IMPLEMENTED).
[UTC: 28-02-2025 09-50-55] - DEBUG: (0x0000) - Call machine code routine(NOT IMPLEMENTED).
[UTC: 28-02-2025 09-50-55] - DEBUG: (0x0000) - Call machine code routine(NOT IMPLEMENTED).
[UTC: 28-02-2025 09-50-55] - DEBUG: (0x0000) - Call machine code routine(NOT IMPLEMENTED).
[UTC: 28-02-2025 09-50-55] - DEBUG: (0x0000) - Call machine code routine(NOT IMPLEMENTED).
[UTC: 28-02-2025 09-50-55] - DEBUG: (0xF090) - (NOT IMPLEMENTED).

[UTC: 28-02-2025 09-50-55] - DEBUG: (0xF090) - (NOT IMPLEMENTED).

[UTC: 28-02-2025 09-50-55] - DEBUG: (0x9090) - Skip next instruction if (V0(20) != V9(2C))(true).
[UTC: 28-02-2025 09-50-55] - DEBUG: (0x6020) - Set V0 to 0x20.
[UTC: 28-02-2025 09-50-55] - DEBUG: (0x2070) - Call subroutine at address 0070.
[UTC: 28-02-2025 09-50-55] - DEBUG: (0xF090) - (NOT IMPLEMENTED).

[UTC: 28-02-2025 09-50-55] - DEBUG: (0xF090) - (NOT IMPLEMENTED).

[UTC: 28-02-2025 09-50-55] - DEBUG: (0xF0F0) - (NOT IMPLEMENTED).

[UTC: 28-02-2025 09-50-55] - DEBUG: (0xF0F0) - (NOT IMPLEMENTED).

[UTC: 28-02-2025 09-50-55] - DEBUG: (0x1020) - Jump to 0x0020.
[UTC: 28-02-2025 09-50-55] - DEBUG: (0x0000) - Call machine code routine(NOT IMPLEMENTED).
[UTC: 28-02-2025 09-50-55] - DEBUG: (0x0000) - Call machine code routine(NOT IMPLEMENTED).
[UTC: 28-02-2025 09-50-55] - DEBUG: (0x0000) - Call machine code routine(NOT IMPLEMENTED).
[UTC: 28-02-2025 09-50-55] - DEBUG: (0x0000) - Call machine code routine(NOT IMPLEMENTED).
[UTC: 28-02-2025 09-50-55] - DEBUG: (0x0000) - Call machine code routine(NOT IMPLEMENTED).
[UTC: 28-02-2025 09-50-55] - DEBUG: (0x0000) - Call machine code routine(NOT IMPLEMENTED).
[UTC: 28-02-2025 09-50-55] - DEBUG: (0x0000) - Call machine code routine(NOT IMPLEMENTED).
[UTC: 28-02-2025 09-50-55] - DEBUG: (0x0000) - Call machine code routine(NOT IMPLEMENTED).
[UTC: 28-02-2025 09-50-55] - DEBUG: (0x0000) - Call machine code routine(NOT IMPLEMENTED).
[UTC: 28-02-2025 09-50-55] - DEBUG: (0x0000) - Call machine code routine(NOT IMPLEMENTED).
[UTC: 28-02-2025 09-50-55] - DEBUG: (0x0000) - Call machine code routine(NOT IMPLEMENTED).
[UTC: 28-02-2025 09-50-55] - DEBUG: (0x0000) - Call machine code routine(NOT IMPLEMENTED).
[UTC: 28-02-2025 09-50-55] - DEBUG: (0x0000) - Call machine code routine(NOT IMPLEMENTED).
[UTC: 28-02-2025 09-50-55] - DEBUG: (0x0000) - Call machine code routine(NOT IMPLEMENTED).
[UTC: 28-02-2025 09-50-55] - DEBUG: (0x0000) - Call machine code routine(NOT IMPLEMENTED).
[UTC: 28-02-2025 09-50-55] - DEBUG: (0x0000) - Call machine code routine(NOT IMPLEMENTED).
[UTC: 28-02-2025 09-50-55] - DEBUG: (0x0000) - Call machine code routine(NOT IMPLEMENTED).
[UTC: 28-02-2025 09-50-55] - DEBUG: (0x0000) - Call machine code routine(NOT IMPLEMENTED).
[UTC: 28-02-2025 09-50-55] - DEBUG: (0x0000) - Call machine code routine(NOT IMPLEMENTED).
[UTC: 28-02-2025 09-50-55] - DEBUG: (0x0000) - Call machine code routine(NOT IMPLEMENTED).
[UTC: 28-02-2025 09-50-55] - DEBUG: (0x0000) - Call machine code routine(NOT IMPLEMENTED).
[UTC: 28-02-2025 09-50-55] - DEBUG: (0x0000) - Call machine code routine(NOT IMPLEMENTED).
[UTC: 28-02-2025 09-50-55] - DEBUG: (0x0000) - Call machine code routine(NOT IMPLEMENTED).
[UTC: 28-02-2025 09-50-55] - DEBUG: (0x0000) - Call machine code routine(NOT IMPLEMENTED).
[UTC: 28-02-2025 09-50-55] - DEBUG: (0xF090) - (NOT IMPLEMENTED).

[UTC: 28-02-2025 09-50-55] - DEBUG: (0xF090) - (NOT IMPLEMENTED).

[UTC: 28-02-2025 09-50-55] - DEBUG: (0x9090) - Skip next instruction if (V0(20) != V9(2C))(true).
[UTC: 28-02-2025 09-50-55] - DEBUG: (0x6020) - Set V0 to 0x20.
[UTC: 28-02-2025 09-50-55] - DEBUG: (0x2070) - Call subroutine at address 0070.
[UTC: 28-02-2025 09-50-55] - DEBUG: (0xF090) - (NOT IMPLEMENTED).

[UTC: 28-02-2025 09-50-55] - DEBUG: (0xF090) - (NOT IMPLEMENTED).

[UTC: 28-02-2025 09-50-55] - DEBUG: (0xF0F0) - (NOT IMPLEMENTED).

[UTC: 28-02-2025 09-50-55] - DEBUG: (0xF0F0) - (NOT IMPLEMENTED).

[UTC: 28-02-2025 09-50-55] - DEBUG: (0x1020) - Jump to 0x0020.
[UTC: 28-02-2025 09-50-55] - DEBUG: (0x0000) - Call machine code routine(NOT IMPLEMENTED).
[UTC: 28-02-2025 09-50-55] - DEBUG: (0x0000) - Call machine code routine(NOT IMPLEMENTED).
[UTC: 28-02-2025 09-50-55] - DEBUG: (0x0000) - Call machine code routine(NOT IMPLEMENTED).
[UTC: 28-02-2025 09-50-55] - DEBUG: (0x0000) - Call machine code routine(NOT IMPLEMENTED).
[UTC: 28-02-2025 09-50-55] - DEBUG: (0x0000) - Call machine code routine(NOT IMPLEMENTED).
[UTC: 28-02-2025 09-50-55] - DEBUG: (0x0000) - Call machine code routine(NOT IMPLEMENTED).
[UTC: 28-02-2025 09-50-55] - DEBUG: (0x0000) - Call machine code routine(NOT IMPLEMENTED).
[UTC: 28-02-2025 09-50-55] - DEBUG: (0x0000) - Call machine code routine(NOT IMPLEMENTED).
[UTC: 28-02-2025 09-50-55] - DEBUG: (0x0000) - Call machine code routine(NOT IMPLEMENTED).
[UTC: 28-02-2025 09-50-55] - DEBUG: (0x0000) - Call machine code routine(NOT IMPLEMENTED).
[UTC: 28-02-2025 09-50-55] - DEBUG: (0x0000) - Call machine code routine(NOT IMPLEMENTED).
[UTC: 28-02-2025 09-50-55] - DEBUG: (0x0000) - Call machine code routine(NOT IMPLEMENTED).
[UTC: 28-02-2025 09-50-55] - DEBUG: (0x0000) - Call machine code routine(NOT IMPLEMENTED).
[UTC: 28-02-2025 09-50-55] - DEBUG: (0x0000) - Call machine code routine(NOT IMPLEMENTED).
[UTC: 28-02-2025 09-50-55] - DEBUG: (0x0000) - Call machine code routine(NOT IMPLEMENTED).
[UTC: 28-02-2025 09-50-55] - DEBUG: (0x0000) - Call machine code routine(NOT IMPLEMENTED).
[UTC: 28-02-2025 09-50-55] - DEBUG: (0x0000) - Call machine code routine(NOT IMPLEMENTED).
[UTC: 28-02-2025 09-50-55] - DEBUG: (0x0000) - Call machine code routine(NOT IMPLEMENTED).
[UTC: 28-02-2025 09-50-55] - DEBUG: (0x0000) - Call machine code routine(NOT IMPLEMENTED).
[UTC: 28-02-2025 09-50-55] - DEBUG: (0x0000) - Call machine code routine(NOT IMPLEMENTED).
[UTC: 28-02-2025 09-50-55] - DEBUG: (0x0000) - Call machine code routine(NOT IMPLEMENTED).
[UTC: 28-02-2025 09-50-55] - DEBUG: (0x0000) - Call machine code routine(NOT IMPLEMENTED).
[UTC: 28-02-2025 09-50-55] - DEBUG: (0x0000) - Call machine code routine(NOT IMPLEMENTED).
[UTC: 28-02-2025 09-50-55] - DEBUG: (0x0000) - Call machine code routine(NOT IMPLEMENTED).
[UTC: 28-02-2025 09-50-55] - DEBUG: (0xF090) - (NOT IMPLEMENTED).

[UTC: 28-02-2025 09-50-55] - DEBUG: (0xF090) - (NOT IMPLEMENTED).

[UTC: 28-02-2025 09-50-55] - DEBUG: (0x9090) - Skip next instruction if (V0(20) != V9(2C))(true).
[UTC: 28-02-2025 09-50-55] - DEBUG: (0x6020) - Set V0 to 0x20.
[UTC: 28-02-2025 09-50-55] - DEBUG: (0x2070) - Call subroutine at address 0070.
[UTC: 28-02-2025 09-50-55] - DEBUG: (0xF090) - (NOT IMPLEMENTED).

[UTC: 28-02-2025 09-50-55] - DEBUG: (0xF090) - (NOT IMPLEMENTED).

[UTC: 28-02-2025 09-50-55] - DEBUG: (0xF0F0) - (NOT IMPLEMENTED).

[UTC: 28-02-2025 09-50-55] - DEBUG: (0xF0F0) - (NOT IMPLEMENTED).

[UTC: 28-02-2025 09-50-55] - DEBUG: (0x1020) - Jump to 0x0020.
[UTC: 28-02-2025 09-50-55] - DEBUG: (0x0000) - Call machine code routine(NOT IMPLEMENTED).
[UTC: 28-02-2025 09-50-55] - DEBUG: (0x0000) - Call machine code routine(NOT IMPLEMENTED).
[UTC: 28-02-2025 09-50-55] - DEBUG: (0x0000) - Call machine code routine(NOT IMPLEMENTED).
[UTC: 28-02-2025 09-50-55] - DEBUG: (0x0000) - Call machine code routine(NOT IMPLEMENTED).
[UTC: 28-02-2025 09-50-55] - DEBUG: (0x0000) - Call machine code routine(NOT IMPLEMENTED).
[UTC: 28-02-2025 09-50-55] - DEBUG: (0x0000) - Call machine code routine(NOT IMPLEMENTED).
[UTC: 28-02-2025 09-50-55] - DEBUG: (0x0000) - Call machine code routine(NOT IMPLEMENTED).
[UTC: 28-02-2025 09-50-55] - DEBUG: (0x0000) - Call machine code routine(NOT IMPLEMENTED).
[UTC: 28-02-2025 09-50-55] - DEBUG: (0x0000) - Call machine code routine(NOT IMPLEMENTED).
[UTC: 28-02-2025 09-50-55] - DEBUG: (0x0000) - Call machine code routine(NOT IMPLEMENTED).
[UTC: 28-02-2025 09-50-55] - DEBUG: (0x0000) - Call machine code routine(NOT IMPLEMENTED).
[UTC: 28-02-2025 09-50-55] - DEBUG: (0x0000) - Call machine code routine(NOT IMPLEMENTED).
[UTC: 28-02-2025 09-50-55] - DEBUG: (0x0000) - Call machine code routine(NOT IMPLEMENTED).
[UTC: 28-02-2025 09-50-55] - DEBUG: (0x0000) - Call machine code routine(NOT IMPLEMENTED).
[UTC: 28-02-2025 09-50-55] - DEBUG: (0x0000) - Call machine code routine(NOT IMPLEMENTED).
[UTC: 28-02-2025 09-50-55] - DEBUG: (0x0000) - Call machine code routine(NOT IMPLEMENTED).
[UTC: 28-02-2025 09-50-55] - DEBUG: (0x0000) - Call machine code routine(NOT IMPLEMENTED).
[UTC: 28-02-2025 09-50-55] - DEBUG: (0x0000) - Call machine code routine(NOT IMPLEMENTED).
[UTC: 28-02-2025 09-50-55] - DEBUG: (0x0000) - Call machine code routine(NOT IMPLEMENTED).
[UTC: 28-02-2025 09-50-55] - DEBUG: (0x0000) - Call machine code routine(NOT IMPLEMENTED).
[UTC: 28-02-2025 09-50-55] - DEBUG: (0x0000) - Call machine code routine(NOT IMPLEMENTED).
[UTC: 28-02-2025 09-50-55] - DEBUG: (0x0000) - Call machine code routine(NOT IMPLEMENTED).
[UTC: 28-02-2025 09-50-55] - DEBUG: (0x0000) - Call machine code routine(NOT IMPLEMENTED).
[UTC: 28-02-2025 09-50-55] - DEBUG: (0x0000) - Call machine code routine(NOT IMPLEMENTED).
[UTC: 28-02-2025 09-50-55] - DEBUG: (0xF090) - (NOT IMPLEMENTED).

[UTC: 28-02-2025 09-50-55] - DEBUG: (0xF090) - (NOT IMPLEMENTED).

[UTC: 28-02-2025 09-50-55] - DEBUG: (0x9090) - Skip next instruction if (V0(20) != V9(2C))(true).
[UTC: 28-02-2025 09-50-55] - DEBUG: (0x6020) - Set V0 to 0x20.
[UTC: 28-02-2025 09-50-55] - DEBUG: (0x2070) - Call subroutine at address 0070.
[UTC: 28-02-2025 09-50-55] - DEBUG: (0xF090) - (NOT IMPLEMENTED).

[UTC: 28-02-2025 09-50-55] - DEBUG: (0xF090) - (NOT IMPLEMENTED).

[UTC: 28-02-2025 09-50-55] - DEBUG: (0xF0F0) - (NOT IMPLEMENTED).

[UTC: 28-02-2025 09-50-55] - DEBUG: (0xF0F0) - (NOT IMPLEMENTED).

[UTC: 28-02-2025 09-50-55] - DEBUG: (0x1020) - Jump to 0x0020.
[UTC: 28-02-2025 09-50-55] - DEBUG: (0x0000) - Call machine code routine(NOT IMPLEMENTED).
[UTC: 28-02-2025 09-50-55] - DEBUG: (0x0000) - Call machine code routine(NOT IMPLEMENTED).
[UTC: 28-02-2025 09-50-55] - DEBUG: (0x0000) - Call machine code routine(NOT IMPLEMENTED).
[UTC: 28-02-2025 09-50-55] - DEBUG: (0x0000) - Call machine code routine(NOT IMPLEMENTED).
[UTC: 28-02-2025 09-50-55] - DEBUG: (0x0000) - Call machine code routine(NOT IMPLEMENTED).
[UTC: 28-02-2025 09-50-55] - DEBUG: (0x0000) - Call machine code routine(NOT IMPLEMENTED).
[UTC: 28-02-2025 09-50-55] - DEBUG: (0x0000) - Call machine code routine(NOT IMPLEMENTED).
[UTC: 28-02-2025 09-50-55] - DEBUG: (0x0000) - Call machine code routine(NOT IMPLEMENTED).
[UTC: 28-02-2025 09-50-55] - DEBUG: (0x0000) - Call machine code routine(NOT IMPLEMENTED).
[UTC: 28-02-2025 09-50-55] - DEBUG: (0x0000) - Call machine code routine(NOT IMPLEMENTED).
[UTC: 28-02-2025 09-50-55] - DEBUG: (0x0000) - Call machine code routine(NOT IMPLEMENTED).
[UTC: 28-02-2025 09-50-55] - DEBUG: (0x0000) - Call machine code routine(NOT IMPLEMENTED).
[UTC: 28-02-2025 09-50-55] - DEBUG: (0x0000) - Call machine code routine(NOT IMPLEMENTED).
[UTC: 28-02-2025 09-50-55] - DEBUG: (0x0000) - Call machine code routine(NOT IMPLEMENTED).
[UTC: 28-02-2025 09-50-55] - DEBUG: (0x0000) - Call machine code routine(NOT IMPLEMENTED).
[UTC: 28-02-2025 09-50-55] - DEBUG: (0x0000) - Call machine code routine(NOT IMPLEMENTED).
[UTC: 28-02-2025 09-50-55] - DEBUG: (0x0000) - Call machine code routine(NOT IMPLEMENTED).
[UTC: 28-02-2025 09-50-55] - DEBUG: (0x0000) - Call machine code routine(NOT IMPLEMENTED).
[UTC: 28-02-2025 09-50-55] - DEBUG: (0x0000) - Call machine code routine(NOT IMPLEMENTED).
[UTC: 28-02-2025 09-50-55] - DEBUG: (0x0000) - Call machine code routine(NOT IMPLEMENTED).
[UTC: 28-02-2025 09-50-55] - DEBUG: (0x0000) - Call machine code routine(NOT IMPLEMENTED).
[UTC: 28-02-2025 09-50-55] - DEBUG: (0x0000) - Call machine code routine(NOT IMPLEMENTED).
[UTC: 28-02-2025 09-50-55] - DEBUG: (0x0000) - Call machine code routine(NOT IMPLEMENTED).
[UTC: 28-02-2025 09-50-56] - DEBUG: (0x0000) - Call machine code routine(NOT IMPLEMENTED).
[UTC: 28-02-2025 09-50-56] - DEBUG: (0xF090) - (NOT IMPLEMENTED).

[UTC: 28-02-2025 09-50-56] - DEBUG: (0xF090) - (NOT IMPLEMENTED).

[UTC: 28-02-2025 09-50-56] - DEBUG: (0x9090) - Skip next instruction if (V0(20) != V9(2C))(true).
[UTC: 28-02-2025 09-50-56] - DEBUG: (0x6020) - Set V0 to 0x20.
[UTC: 28-02-2025 09-50-56] - DEBUG: (0x2070) - Call subroutine at address 0070.
[UTC: 28-02-2025 09-50-56] - DEBUG: (0xF090) - (NOT IMPLEMENTED).

[UTC: 28-02-2025 09-50-56] - DEBUG: (0xF090) - (NOT IMPLEMENTED).

[UTC: 28-02-2025 09-50-56] - DEBUG: (0xF0F0) - (NOT IMPLEMENTED).

[UTC: 28-02-2025 09-50-56] - DEBUG: (0xF0F0) - (NOT IMPLEMENTED).

[UTC: 28-02-2025 09-50-56] - DEBUG: (0x1020) - Jump to 0x0020.
[UTC: 28-02-2025 09-50-56] - DEBUG: (0x0000) - Call machine code routine(NOT IMPLEMENTED).
[UTC: 28-02-2025 09-50-56] - DEBUG: (0x0000) - Call machine code routine(NOT IMPLEMENTED).
[UTC: 28-02-2025 09-50-56] - DEBUG: (0x0000) - Call machine code routine(NOT IMPLEMENTED).
[UTC: 28-02-2025 09-50-56] - DEBUG: (0x0000) - Call machine code routine(NOT IMPLEMENTED).
[UTC: 28-02-2025 09-50-56] - DEBUG: (0x0000) - Call machine code routine(NOT IMPLEMENTED).
[UTC: 28-02-2025 09-50-56] - DEBUG: (0x0000) - Call machine code routine(NOT IMPLEMENTED).
[UTC: 28-02-2025 09-50-56] - DEBUG: (0x0000) - Call machine code routine(NOT IMPLEMENTED).
[UTC: 28-02-2025 09-50-56] - DEBUG: (0x0000) - Call machine code routine(NOT IMPLEMENTED).
[UTC: 28-02-2025 09-50-56] - DEBUG: (0x0000) - Call machine code routine(NOT IMPLEMENTED).
[UTC: 28-02-2025 09-50-56] - DEBUG: (0x0000) - Call machine code routine(NOT IMPLEMENTED).
[UTC: 28-02-2025 09-50-56] - DEBUG: (0x0000) - Call machine code routine(NOT IMPLEMENTED).
[UTC: 28-02-2025 09-50-56] - DEBUG: (0x0000) - Call machine code routine(NOT IMPLEMENTED).
[UTC: 28-02-2025 09-50-56] - DEBUG: (0x0000) - Call machine code routine(NOT IMPLEMENTED).
[UTC: 28-02-2025 09-50-56] - DEBUG: (0x0000) - Call machine code routine(NOT IMPLEMENTED).
[UTC: 28-02-2025 09-50-56] - DEBUG: (0x0000) - Call machine code routine(NOT IMPLEMENTED).
[UTC: 28-02-2025 09-50-56] - DEBUG: (0x0000) - Call machine code routine(NOT IMPLEMENTED).
[UTC: 28-02-2025 09-50-56] - DEBUG: (0x0000) - Call machine code routine(NOT IMPLEMENTED).
[UTC: 28-02-2025 09-50-56] - DEBUG: (0x0000) - Call machine code routine(NOT IMPLEMENTED).
[UTC: 28-02-2025 09-50-56] - DEBUG: (0x0000) - Call machine code routine(NOT IMPLEMENTED).
[UTC: 28-02-2025 09-50-56] - DEBUG: (0x0000) - Call machine code routine(NOT IMPLEMENTED).
[UTC: 28-02-2025 09-50-56] - DEBUG: (0x0000) - Call machine code routine(NOT IMPLEMENTED).
[UTC: 28-02-2025 09-50-56] - DEBUG: (0x0000) - Call machine code routine(NOT IMPLEMENTED).
[UTC: 28-02-2025 09-50-56] - DEBUG: (0x0000) - Call machine code routine(NOT IMPLEMENTED).
[UTC: 28-02-2025 09-50-56] - DEBUG: (0x0000) - Call machine code routine(NOT IMPLEMENTED).
[UTC: 28-02-2025 09-50-56] - DEBUG: (0xF090) - (NOT IMPLEMENTED).

[UTC: 28-02-2025 09-50-56] - DEBUG: (0xF090) - (NOT IMPLEMENTED).

[UTC: 28-02-2025 09-50-56] - DEBUG: (0x9090) - Skip next instruction if (V0(20) != V9(2C))(true).
[UTC: 28-02-2025 09-50-56] - DEBUG: (0x6020) - Set V0 to 0x20.
[UTC: 28-02-2025 09-50-56] - DEBUG: (0x2070) - Call subroutine at address 0070.
[UTC: 28-02-2025 09-50-56] - DEBUG: (0xF090) - (NOT IMPLEMENTED).

[UTC: 28-02-2025 09-50-56] - DEBUG: (0xF090) - (NOT IMPLEMENTED).

[UTC: 28-02-2025 09-50-56] - DEBUG: (0xF0F0) - (NOT IMPLEMENTED).

[UTC: 28-02-2025 09-50-56] - DEBUG: (0xF0F0) - (NOT IMPLEMENTED).

[UTC: 28-02-2025 09-50-56] - DEBUG: (0x1020) - Jump to 0x0020.
[UTC: 28-02-2025 09-50-56] - DEBUG: (0x0000) - Call machine code routine(NOT IMPLEMENTED).
[UTC: 28-02-2025 09-50-56] - DEBUG: (0x0000) - Call machine code routine(NOT IMPLEMENTED).
[UTC: 28-02-2025 09-50-56] - DEBUG: (0x0000) - Call machine code routine(NOT IMPLEMENTED).
[UTC: 28-02-2025 09-50-56] - DEBUG: (0x0000) - Call machine code routine(NOT IMPLEMENTED).
[UTC: 28-02-2025 09-50-56] - DEBUG: (0x0000) - Call machine code routine(NOT IMPLEMENTED).
[UTC: 28-02-2025 09-50-56] - DEBUG: (0x0000) - Call machine code routine(NOT IMPLEMENTED).
[UTC: 28-02-2025 09-50-56] - DEBUG: (0x0000) - Call machine code routine(NOT IMPLEMENTED).
[UTC: 28-02-2025 09-50-56] - DEBUG: (0x0000) - Call machine code routine(NOT IMPLEMENTED).
[UTC: 28-02-2025 09-50-56] - DEBUG: (0x0000) - Call machine code routine(NOT IMPLEMENTED).
[UTC: 28-02-2025 09-50-56] - DEBUG: (0x0000) - Call machine code routine(NOT IMPLEMENTED).
[UTC: 28-02-2025 09-50-56] - DEBUG: (0x0000) - Call machine code routine(NOT IMPLEMENTED).
[UTC: 28-02-2025 09-50-56] - DEBUG: (0x0000) - Call machine code routine(NOT IMPLEMENTED).
[UTC: 28-02-2025 09-50-56] - DEBUG: (0x0000) - Call machine code routine(NOT IMPLEMENTED).
[UTC: 28-02-2025 09-50-56] - DEBUG: (0x0000) - Call machine code routine(NOT IMPLEMENTED).
[UTC: 28-02-2025 09-50-56] - DEBUG: (0x0000) - Call machine code routine(NOT IMPLEMENTED).
[UTC: 28-02-2025 09-50-56] - DEBUG: (0x0000) - Call machine code routine(NOT IMPLEMENTED).
[UTC: 28-02-2025 09-50-56] - DEBUG: (0x0000) - Call machine code routine(NOT IMPLEMENTED).
[UTC: 28-02-2025 09-50-56] - DEBUG: (0x0000) - Call machine code routine(NOT IMPLEMENTED).
[UTC: 28-02-2025 09-50-56] - DEBUG: (0x0000) - Call machine code routine(NOT IMPLEMENTED).
[UTC: 28-02-2025 09-50-56] - DEBUG: (0x0000) - Call machine code routine(NOT IMPLEMENTED).
[UTC: 28-02-2025 09-50-56] - DEBUG: (0x0000) - Call machine code routine(NOT IMPLEMENTED).
[UTC: 28-02-2025 09-50-56] - DEBUG: (0x0000) - Call machine code routine(NOT IMPLEMENTED).
[UTC: 28-02-2025 09-50-56] - DEBUG: (0x0000) - Call machine code routine(NOT IMPLEMENTED).
[UTC: 28-02-2025 09-50-56] - DEBUG: (0x0000) - Call machine code routine(NOT IMPLEMENTED).
[UTC: 28-02-2025 09-50-56] - DEBUG: (0xF090) - (NOT IMPLEMENTED).

[UTC: 28-02-2025 09-50-56] - DEBUG: (0xF090) - (NOT IMPLEMENTED).

[UTC: 28-02-2025 09-50-56] - DEBUG: (0x9090) - Skip next instruction if (V0(20) != V9(2C))(true).
[UTC: 28-02-2025 09-50-56] - DEBUG: (0x6020) - Set V0 to 0x20.
[UTC: 28-02-2025 09-50-56] - DEBUG: (0x2070) - Call subroutine at address 0070.
[UTC: 28-02-2025 09-50-56] - DEBUG: (0xF090) - (NOT IMPLEMENTED).

[UTC: 28-02-2025 09-50-56] - DEBUG: (0xF090) - (NOT IMPLEMENTED).

[UTC: 28-02-2025 09-50-56] - DEBUG: (0xF0F0) - (NOT IMPLEMENTED).

[UTC: 28-02-2025 09-50-56] - DEBUG: (0xF0F0) - (NOT IMPLEMENTED).

[UTC: 28-02-2025 09-50-56] - DEBUG: (0x1020) - Jump to 0x0020.
[UTC: 28-02-2025 09-50-56] - DEBUG: (0x0000) - Call machine code routine(NOT IMPLEMENTED).
[UTC: 28-02-2025 09-50-56] - DEBUG: (0x0000) - Call machine code routine(NOT IMPLEMENTED).
[UTC: 28-02-2025 09-50-56] - DEBUG: (0x0000) - Call machine code routine(NOT IMPLEMENTED).
[UTC: 28-02-2025 09-50-56] - DEBUG: (0x0000) - Call machine code routine(NOT IMPLEMENTED).
[UTC: 28-02-2025 09-50-56] - DEBUG: (0x0000) - Call machine code routine(NOT IMPLEMENTED).
[UTC: 28-02-2025 09-50-56] - DEBUG: (0x0000) - Call machine code routine(NOT IMPLEMENTED).
[UTC: 28-02-2025 09-50-56] - DEBUG: (0x0000) - Call machine code routine(NOT IMPLEMENTED).
[UTC: 28-02-2025 09-50-56] - DEBUG: (0x0000) - Call machine code routine(NOT IMPLEMENTED).
[UTC: 28-02-2025 09-50-56] - DEBUG: (0x0000) - Call machine code routine(NOT IMPLEMENTED).
[UTC: 28-02-2025 09-50-56] - DEBUG: (0x0000) - Call machine code routine(NOT IMPLEMENTED).
[UTC: 28-02-2025 09-50-56] - DEBUG: (0x0000) - Call machine code routine(NOT IMPLEMENTED).
[UTC: 28-02-2025 09-50-56] - DEBUG: (0x0000) - Call machine code routine(NOT IMPLEMENTED).
[UTC: 28-02-2025 09-50-56] - DEBUG: (0x0000) - Call machine code routine(NOT IMPLEMENTED).
[UTC: 28-02-2025 09-50-56] - DEBUG: (0x0000) - Call machine code routine(NOT IMPLEMENTED).
[UTC: 28-02-2025 09-50-56] - DEBUG: (0x0000) - Call machine code routine(NOT IMPLEMENTED).
[UTC: 28-02-2025 09-50-56] - DEBUG: (0x0000) - Call machine code routine(NOT IMPLEMENTED).
[UTC: 28-02-2025 09-50-56] - DEBUG: (0x0000) - Call machine code routine(NOT IMPLEMENTED).
[UTC: 28-02-2025 09-50-56] - DEBUG: (0x0000) - Call machine code routine(NOT IMPLEMENTED).
[UTC: 28-02-2025 09-50-56] - DEBUG: (0x0000) - Call machine code routine(NOT IMPLEMENTED).
[UTC: 28-02-2025 09-50-56] - DEBUG: (0x0000) - Call machine code routine(NOT IMPLEMENTED).
[UTC: 28-02-2025 09-50-56] - DEBUG: (0x0000) - Call machine code routine(NOT IMPLEMENTED).
[UTC: 28-02-2025 09-50-56] - INFO: Stopping CPU on thread 0x00007f8f327fc640.
